model,dataset,exp,avg loss,acc,f1,recall,precision
MLP_finetuning_and_one_domain,Fragment,0,0.7361963190184049,0.7312506555404054,0.6762537965377723,0.7361963190184049,1.1623704234759014
MLP_finetuning_and_one_domain,Fragment,1,0.6871165644171779,0.6850807162774912,0.6173969285123576,0.6871165644171779,1.4561395247777302
MLP_finetuning_and_one_domain,Fragment,2,0.7116564417177914,0.7082882989131359,0.6537080308605059,0.7116564417177914,1.563228448232015
MLP_finetuning_and_one_domain,Fragment,3,0.6319018404907976,0.6373789522839105,0.5526395558499383,0.6319018404907976,1.8731824159622192
MLP_finetuning_and_one_domain,Fragment,4,0.7055214723926381,0.704900539133668,0.6238720538720538,0.7055214723926381,1.069915493329366
