{
    "train_loss": [
        1.8158880038694902,
        1.7552457397634333,
        1.732915379784324,
        1.70934749733318,
        1.6876673806797375,
        1.6705714789303867,
        1.652521100911227,
        1.6331962455402722,
        1.6152704087170688,
        1.5809237631884487,
        1.5308847535740246,
        1.4718796394088052,
        1.3959822492165999,
        1.330485219305212,
        1.2684058980508284,
        1.2365450669418683,
        1.1751151789318433,
        1.1610634597865017,
        1.1263932937925512,
        1.1381046257235787,
        1.1026205149563877,
        1.1166661408814518,
        1.0732976279475472,
        1.1020776466889814,
        1.060260989449241,
        1.0804265900091692,
        1.067180414091457,
        1.065450367602435,
        1.0644912096587094,
        1.0332317569039084,
        1.0436987037008458,
        1.0469808090816846,
        1.0342049381949685,
        1.0426842868328094,
        1.030780098655007,
        1.0358793085271663,
        1.0132876255295493,
        1.0099030624736438,
        1.0102174471725116,
        1.0236944637515328,
        0.9831655079668219,
        1.0135635462674228,
        0.9964751438661055,
        1.0008484612811694,
        0.9534272497350519,
        1.0083253112706272,
        0.9561243653297424,
        0.9918287044221704,
        0.9568050368265673,
        0.9500830146399412,
        0.9614393494345925,
        0.9728678356517445,
        0.9434981319037351,
        0.9701996147632599,
        0.9155571514909918,
        0.9655037711967122,
        0.9130414724349976,
        0.9660821475765922,
        0.9151583341034976,
        0.9418380152095448
    ],
    "val_loss": [
        1.7655916213989258,
        1.7360864579677582,
        1.701856553554535,
        1.665068358182907,
        1.633481353521347,
        1.6084468066692352,
        1.5852466523647308,
        1.5587058067321777,
        1.523300588130951,
        1.4703436493873596,
        1.4003645330667496,
        1.316279649734497,
        1.2254249155521393,
        1.1480195075273514,
        1.0987275391817093,
        1.070423498749733,
        1.0501179695129395,
        1.0360670164227486,
        1.025171935558319,
        1.0188140720129013,
        1.0065391063690186,
        1.0041647031903267,
        1.0000707805156708,
        1.0017601400613785,
        0.9914755597710609,
        0.9899259731173515,
        0.9885735735297203,
        0.983780637383461,
        0.9824810028076172,
        0.9778057709336281,
        0.9753482714295387,
        0.9746302515268326,
        0.9720722809433937,
        0.9698293656110764,
        0.9697414040565491,
        0.9755071699619293,
        0.9724595993757248,
        0.9679573997855186,
        0.9670659080147743,
        0.9660690650343895,
        0.9598904699087143,
        0.9650296196341515,
        0.9547787755727768,
        0.9608518853783607,
        0.9503588080406189,
        0.9678874090313911,
        0.9533386826515198,
        0.9638720080256462,
        0.9588804021477699,
        0.9587391912937164,
        0.9672795087099075,
        0.9805243611335754,
        0.9700948148965836,
        0.9632778689265251,
        0.9787339717149734,
        0.9773265644907951,
        0.97889144718647,
        0.985381506383419,
        0.9717758893966675,
        0.9975702613592148
    ]
}