{
    "train_loss": [
        1.8314697308973833,
        1.7661630457097834,
        1.7392227107828313,
        1.7153202945535833,
        1.6879607113924893,
        1.6667584397576072,
        1.6413931088014082,
        1.62263624234633,
        1.603101600300182,
        1.5639956864443691,
        1.5124102451584556,
        1.4429205926981838,
        1.37948246977546,
        1.3122302131219343,
        1.2625046318227595,
        1.2158631465651772,
        1.1934981779618696,
        1.1515441862019626,
        1.1346424140713431,
        1.1038701046596875,
        1.1250342970544642,
        1.1063173657113856,
        1.1014113642952659,
        1.0681956979361447,
        1.0662187933921814,
        1.059199796481566,
        1.0589979914101688,
        1.0454054203900425,
        1.0518739142201163,
        1.0428656556389548,
        1.043024022470821,
        1.045824416659095,
        1.0262031202966517,
        1.02958252213218,
        1.0119486180218784,
        1.0184959389946677,
        1.012248632582751,
        0.9957191104238684,
        1.0302105383439497,
        0.9839136383750222,
        1.0103886994448574,
        0.9993212548169222,
        0.9586879827759482,
        1.0115433064374058,
        0.9675500609657981,
        1.011507278138941,
        0.9471803632649508,
        0.9784465459260073,
        0.9646338793364438,
        0.9666972810571844,
        0.9342135705731132,
        0.9741112535650079,
        0.9199343757195906,
        0.9432112655856393,
        0.9115405760028146,
        0.943800454789942,
        0.9495711760087446,
        0.8919949883764441,
        0.9141997803341259,
        0.8813966946168379
    ],
    "val_loss": [
        1.7815741002559662,
        1.7491255402565002,
        1.7117457389831543,
        1.6715146005153656,
        1.633740484714508,
        1.602131187915802,
        1.572190672159195,
        1.5387252271175385,
        1.4965490400791168,
        1.4409763664007187,
        1.36549973487854,
        1.2721918821334839,
        1.1860523968935013,
        1.1194322854280472,
        1.0775642842054367,
        1.0498482957482338,
        1.03247981518507,
        1.0185643807053566,
        1.0116836056113243,
        1.0023175925016403,
        0.9928982630372047,
        0.9848937317728996,
        0.98097924888134,
        0.9765623137354851,
        0.973223090171814,
        0.9719072133302689,
        0.9704389050602913,
        0.9638500660657883,
        0.9629614129662514,
        0.9592085853219032,
        0.9535292759537697,
        0.9540895894169807,
        0.951426737010479,
        0.9558038115501404,
        0.9512390196323395,
        0.9461007341742516,
        0.9462170302867889,
        0.9497725814580917,
        0.9506310224533081,
        0.936067558825016,
        0.9362490698695183,
        0.9383142217993736,
        0.9405986741185188,
        0.9459436684846878,
        0.9471488147974014,
        0.9461044073104858,
        0.9339508190751076,
        0.9318619295954704,
        0.9422124847769737,
        0.9362737387418747,
        0.9334966465830803,
        0.9426362663507462,
        0.9366333112120628,
        0.9420863538980484,
        0.9361575916409492,
        0.9329926371574402,
        0.9392460733652115,
        0.9387774392962456,
        0.9245143532752991,
        0.92580396682024
    ]
}