{
    "train_loss": [
        1.8343674919822,
        1.7626191160895608,
        1.736972451210022,
        1.7151418382471257,
        1.6949802095239812,
        1.676780809055675,
        1.6595511761578647,
        1.642687732523138,
        1.625328616662459,
        1.604681676084345,
        1.5642019727013328,
        1.5019872730428523,
        1.4216799194162542,
        1.3610245206139304,
        1.2934861725026912,
        1.2535064166242427,
        1.1919516785578295,
        1.177176757292314,
        1.1352996717799793,
        1.1145738092335788,
        1.1034600734710693,
        1.1022256964986974,
        1.097355235706676,
        1.0864942561496387,
        1.0886934426697819,
        1.0702250491489063,
        1.0850896022536538,
        1.0559941150925376,
        1.0734290047125383,
        1.0333745289932599,
        1.0449630049141971,
        1.0141921639442444,
        1.0428743010217494,
        1.0242325446822427,
        1.0236672108823603,
        1.0207171656868674,
        0.9902062849564985,
        1.0305988057093187,
        0.993981502272866,
        1.0261725729162043,
        1.0120201246304945,
        0.9919307042251934,
        0.9694865914908323,
        0.9817367223176089,
        0.9777882993221283,
        0.9833380498669364,
        0.984161065383391,
        0.9527668329802427,
        0.9749297824772921,
        0.9732065038247542,
        0.9274761243300005,
        0.9684927598996595,
        0.9268854097886519,
        0.9817906320095062,
        0.9216987301002849,
        0.9365706850181926,
        0.9223802604458549,
        0.9403912695971403,
        0.9051324237476696,
        0.9194565523754467
    ],
    "val_loss": [
        1.7795918583869934,
        1.7496041059494019,
        1.7156546413898468,
        1.6801705360412598,
        1.647299736738205,
        1.6201082468032837,
        1.5951902270317078,
        1.5670263171195984,
        1.5307587087154388,
        1.4825996309518814,
        1.417339265346527,
        1.3297666013240814,
        1.2348156571388245,
        1.1544162333011627,
        1.0989138036966324,
        1.0660169124603271,
        1.0432356223464012,
        1.0295837000012398,
        1.0183478966355324,
        1.0078225955367088,
        1.001083843410015,
        0.9998721182346344,
        0.9947384148836136,
        0.9922537505626678,
        0.9889897778630257,
        0.9869958832859993,
        0.9878569543361664,
        0.9799959436058998,
        0.9798894822597504,
        0.9732917100191116,
        0.976212777197361,
        0.9668389409780502,
        0.9682039692997932,
        0.9668630287051201,
        0.9684463143348694,
        0.9677869006991386,
        0.9643087759613991,
        0.9757750853896141,
        0.9655350148677826,
        0.9625981971621513,
        0.9534374326467514,
        0.9566993191838264,
        0.950211264193058,
        0.9545719772577286,
        0.9537212997674942,
        0.9526900500059128,
        0.9577838331460953,
        0.9506412968039513,
        0.9455436021089554,
        0.9513602405786514,
        0.9523207545280457,
        0.9495108127593994,
        0.9590297639369965,
        0.9573074206709862,
        0.9509429931640625,
        0.953659862279892,
        0.9466202035546303,
        0.9526182785630226,
        0.9507182165980339,
        0.9520615041255951
    ]
}