{
    "train_loss": [
        1.831376693465493,
        1.7655838077718562,
        1.7400250759991733,
        1.7166945392435247,
        1.690847472711043,
        1.6682427579706365,
        1.650904113596136,
        1.6344717849384656,
        1.6047128222205422,
        1.5698952024633235,
        1.5086263364011592,
        1.4461488181894475,
        1.3778691671111367,
        1.3059775016524575,
        1.2390182289210232,
        1.2059370929544622,
        1.1731176593086936,
        1.162144121798602,
        1.1118194542147897,
        1.1134337999603965,
        1.1014621718363329,
        1.0798473331061276,
        1.1017191139134495,
        1.0798666748133572,
        1.076371734792536,
        1.07893613522703,
        1.0643344873731786,
        1.0688378621231427,
        1.0450336039066315,
        1.0591388724066995,
        1.0507815751162441,
        1.0262592299418016,
        1.0439021804115989,
        1.0114149126139553,
        1.0380474572831935,
        1.032010086558082,
        1.0303574339909987,
        1.022916322404688,
        1.0264686210588976,
        1.0172110227021305,
        0.9883222011002627,
        0.9988027865236456,
        0.9963491315191443,
        1.0361767627976157,
        0.9861580431461334,
        1.0022946081378243,
        0.9637603515928442,
        0.9948437511920929,
        0.9576509920033541,
        0.982731353152882,
        0.9595801992849871,
        0.9514284892515703,
        0.94458468393846,
        0.9713939021934163,
        0.9376245953819968,
        0.9447818777777932,
        0.9382743672891096,
        0.9534521075812253,
        0.921511631120335,
        0.9674988334829157
    ],
    "val_loss": [
        1.7766914367675781,
        1.7458699345588684,
        1.7111584842205048,
        1.6747852563858032,
        1.6411180794239044,
        1.6096741259098053,
        1.5779002010822296,
        1.5426178276538849,
        1.4967061281204224,
        1.4334374517202377,
        1.3536742180585861,
        1.258913829922676,
        1.1712207347154617,
        1.1093120127916336,
        1.0677027702331543,
        1.043804682791233,
        1.0298244580626488,
        1.0179667919874191,
        1.0090810507535934,
        1.0048852935433388,
        0.9973301813006401,
        0.9967945367097855,
        0.9894649609923363,
        0.9826712012290955,
        0.9774089604616165,
        0.9730224609375,
        0.9701828956604004,
        0.9695088267326355,
        0.9687967821955681,
        0.9660474807024002,
        0.9631676897406578,
        0.9575784802436829,
        0.955897331237793,
        0.9622708186507225,
        0.9598437324166298,
        0.9585617557168007,
        0.9540715664625168,
        0.9540592730045319,
        0.9528369531035423,
        0.9518560543656349,
        0.9508694484829903,
        0.9501383602619171,
        0.9498049393296242,
        0.9566943943500519,
        0.9499056711792946,
        0.9482882618904114,
        0.9432317987084389,
        0.9418738707900047,
        0.9477668851613998,
        0.9393093436956406,
        0.9468264654278755,
        0.950500026345253,
        0.9449920505285263,
        0.9580583795905113,
        0.9440971463918686,
        0.9448901265859604,
        0.9686773419380188,
        0.9670262113213539,
        0.9581948891282082,
        0.9567163735628128
    ]
}