{
    "train_loss": [
        1.8242183490232988,
        1.7574021491137417,
        1.7300459688360041,
        1.710245425050909,
        1.6883990656245838,
        1.6706245379014448,
        1.6541594917123967,
        1.6353453181006692,
        1.6160506118427624,
        1.5723249966448003,
        1.5221559838815168,
        1.4552737528627568,
        1.3878723545507952,
        1.3205900192260742,
        1.2558341920375824,
        1.2063070914962075,
        1.2116971855813807,
        1.1693955172191968,
        1.149981059811332,
        1.110492771322077,
        1.1261777606877414,
        1.0889423137361354,
        1.0960418338125402,
        1.079204261302948,
        1.0929361879825592,
        1.0560147030787035,
        1.0933188118717887,
        1.0631040199236437,
        1.0502372492443433,
        1.0371852002360604,
        1.0540297573262996,
        1.0259371210228314,
        1.037628943269903,
        1.0307645364241167,
        1.0438121367584576,
        1.0158756131475621,
        1.0314315611665898,
        0.9930457147684965,
        1.0177092199975795,
        1.053295303474773,
        0.9787589284506711,
        1.0151312107389623,
        0.9674009436910803,
        1.0021321421319789,
        0.9744953350587324,
        0.9870507337830283,
        0.948464959859848,
        0.9678629880601709,
        0.9692754962227561,
        0.9395011744715951,
        0.9726946272633292,
        0.9644957374442708,
        0.9438524923541329,
        0.9425450292500582,
        0.9059638137167151,
        0.9260223074392839,
        0.936780493367802,
        0.9148905304345217,
        0.91192934458906,
        0.9294736222787336
    ],
    "val_loss": [
        1.7688974440097809,
        1.7371013760566711,
        1.7014520764350891,
        1.6658778488636017,
        1.6347821354866028,
        1.609060138463974,
        1.5833236873149872,
        1.552532583475113,
        1.5092666745185852,
        1.44972625374794,
        1.3699403405189514,
        1.2786182761192322,
        1.190003752708435,
        1.1240617781877518,
        1.0849961042404175,
        1.0594834387302399,
        1.0450503677129745,
        1.0320569798350334,
        1.0208384841680527,
        1.0110074132680893,
        1.0034823641180992,
        0.9964659810066223,
        0.9941938072443008,
        0.9880806282162666,
        0.9895580932497978,
        0.9812943041324615,
        0.9775993227958679,
        0.9729292914271355,
        0.9708321243524551,
        0.9695789590477943,
        0.9699449986219406,
        0.965920016169548,
        0.9668755829334259,
        0.9640517979860306,
        0.9578416869044304,
        0.9513137638568878,
        0.9537807404994965,
        0.9514831677079201,
        0.9539665430784225,
        0.957206591963768,
        0.9533466920256615,
        0.9558471664786339,
        0.9481746926903725,
        0.9466002658009529,
        0.9441143646836281,
        0.9515190199017525,
        0.9516398161649704,
        0.9550684988498688,
        0.9524662643671036,
        0.9487093165516853,
        0.9424613937735558,
        0.9447328895330429,
        0.9463293924927711,
        0.9626286178827286,
        0.9599505439400673,
        0.9792255759239197,
        0.9787103980779648,
        0.9616889953613281,
        0.995599277317524,
        1.0070761069655418
    ]
}