model,dataset,exp,avg loss,acc,f1,recall,precision
MLP_finetuning_and_one_domain,Fragment,0,0.1656441717791411,0.04757864508549798,0.04787234042553192,0.1656441717791411,5.673168341318767
MLP_finetuning_and_one_domain,Fragment,1,0.1656441717791411,0.04757864508549798,0.04787234042553192,0.1656441717791411,11.03053092956543
MLP_finetuning_and_one_domain,Fragment,2,0.1656441717791411,0.047326906222611737,0.047619047619047616,0.1656441717791411,10.369917392730713
MLP_finetuning_and_one_domain,Fragment,3,0.1656441717791411,0.047077817242492735,0.04736842105263158,0.1656441717791411,8.94184684753418
MLP_finetuning_and_one_domain,Fragment,4,0.1656441717791411,0.04757864508549798,0.04787234042553192,0.1656441717791411,5.166421413421631
