model,dataset,exp,avg loss,acc,f1,recall,precision
MLP_finetuning_and_one_domain,Fragment,0,0.1656441717791411,0.047326906222611737,0.047619047619047616,0.1656441717791411,6.705909887949626
MLP_finetuning_and_one_domain,Fragment,1,0.1656441717791411,0.047326906222611737,0.047619047619047616,0.1656441717791411,10.425766626993815
MLP_finetuning_and_one_domain,Fragment,2,0.1656441717791411,0.047077817242492735,0.04736842105263158,0.1656441717791411,11.029767513275146
MLP_finetuning_and_one_domain,Fragment,3,0.1656441717791411,0.047077817242492735,0.04736842105263158,0.1656441717791411,10.749298890431723
MLP_finetuning_and_one_domain,Fragment,4,0.1656441717791411,0.047326906222611737,0.047619047619047616,0.1656441717791411,10.04566748936971
