model,dataset,exp,avg loss,acc,f1,recall,precision
MLP_finetuning_and_one_domain,Fragment,0,0.6012269938650306,0.610326287770427,0.54449473092811,0.6012269938650306,1.912491798400879
MLP_finetuning_and_one_domain,Fragment,1,0.6257668711656442,0.6365105473347672,0.5863023302516056,0.6257668711656442,1.7736290295918782
MLP_finetuning_and_one_domain,Fragment,2,0.5828220858895705,0.578790743963658,0.5072978374012722,0.5828220858895705,2.3951050440470376
MLP_finetuning_and_one_domain,Fragment,3,0.6809815950920245,0.6754401225486412,0.6032638423739126,0.6809815950920245,1.5393799146016438
MLP_finetuning_and_one_domain,Fragment,4,0.6441717791411042,0.6477982769647235,0.5896049158551449,0.6441717791411042,1.7656938234965007
