model,dataset,exp,avg loss,acc,f1,recall,precision
MLP_finetuning_and_one_domain,Fragment,0,1.8582333326339722,0.2147239263803681,0.16572909884296988,0.10821797407163262,0.2147239263803681
MLP_finetuning_and_one_domain,Fragment,1,1.8472834428151448,0.25766871165644173,0.20887031204175502,0.13136416634279052,0.25766871165644173
MLP_finetuning_and_one_domain,Fragment,2,1.9223455588022869,0.22699386503067484,0.1800188952271613,0.11571366688325753,0.22699386503067484
MLP_finetuning_and_one_domain,Fragment,3,1.9786584377288818,0.20245398773006135,0.14724873378463052,0.09939113283594887,0.20245398773006135
MLP_finetuning_and_one_domain,Fragment,4,1.8552051782608032,0.2392638036809816,0.19176504547379342,0.12209749754531223,0.2392638036809816
