{"_wandb":{"runtime":101},"val_loss/run_1":1.2213762601216633,"UMAP mlp BEFORE MLP_finetuning_and_four_domains":{"sha256":"30be901dab9d4329251a2898b15a5a0776aa728fdb74716f659ae84c1beeabfc","size":49337,"path":"media/plotly/UMAP mlp BEFORE MLP_finetuning_and_four_domains_538_30be901dab9d4329251a.plotly.json","_type":"plotly-file"},"val_loss/run_0":1.3125526110331218,"step/run_3":49,"train_loss/run_6":0.807470522143624,"val_loss/run_5":1.275119662284851,"_step":539,"val_loss/run_4":1.2307192484537761,"train_loss/run_7":0.7931828661398455,"train_loss/run_3":0.8883562629873102,"val_loss/run_3":1.226344625155131,"step/run_7":49,"umap_after":{"sha256":"07057fffe888a9dffff623222f0388001f740ffaf972a87bedd256675aa48547","size":49240,"path":"media/plotly/umap_after_539_07057fffe888a9dffff6.plotly.json","_type":"plotly-file"},"train_loss/run_0":1.2326669584621082,"step/run_0":49,"train_loss/run_5":0.8498139110478488,"step/run_5":49,"UMAP SSL BEFORE MLP_finetuning_and_four_domains":{"size":48983,"path":"media/plotly/UMAP SSL BEFORE MLP_finetuning_and_four_domains_486_8616d54ba94d621b365b.plotly.json","_type":"plotly-file","sha256":"8616d54ba94d621b365b6375a7f62d526f6b495eb6ed7a09a7a46ec054f26995"},"val_loss/run_7":1.312587022781372,"val_loss/run_2":1.1967110236485798,"step/run_8":49,"train_loss/run_9":0.7892999161373485,"val_loss/run_6":1.2642597754796345,"train_loss/run_1":1.054214602166956,"UMAP SSL AFTER MLP_finetuning_and_four_domains":{"_type":"plotly-file","sha256":"07057fffe888a9dffff623222f0388001f740ffaf972a87bedd256675aa48547","size":49240,"path":"media/plotly/UMAP SSL AFTER MLP_finetuning_and_four_domains_537_07057fffe888a9dffff6.plotly.json"},"umap_mlp_after":{"path":"media/plotly/umap_mlp_after_539_30be901dab9d4329251a.plotly.json","_type":"plotly-file","sha256":"30be901dab9d4329251a2898b15a5a0776aa728fdb74716f659ae84c1beeabfc","size":49337},"val_loss/run_9":1.3740405639012654,"step/run_1":49,"val_loss/run_8":1.26461923122406,"_runtime":100.922020684,"train_loss/run_2":0.97760409116745,"train_loss/run_4":0.8591139750047163,"step/run_2":49,"step/run_4":49,"step/run_6":49,"train_loss/run_8":0.7552719170396979,"_timestamp":1.7441555086937892e+09,"umap_before":{"size":48983,"path":"media/plotly/umap_before_539_8616d54ba94d621b365b.plotly.json","_type":"plotly-file","sha256":"8616d54ba94d621b365b6375a7f62d526f6b495eb6ed7a09a7a46ec054f26995"},"step/run_9":49}