model,dataset,exp,avg loss,acc,f1,recall,precision
MLP_finetuning_and_four_domains,Fragment,0,0.5460122699386503,0.5373868282565503,0.4740152471244908,0.5460122699386503,2.211898446083069
MLP_finetuning_and_four_domains,Fragment,1,0.5766871165644172,0.5598177416223546,0.4863773294384374,0.5766871165644172,2.380147953828176
MLP_finetuning_and_four_domains,Fragment,2,0.5214723926380368,0.5386843084895899,0.47569905269180635,0.5214723926380368,2.2249382734298706
MLP_finetuning_and_four_domains,Fragment,3,0.5950920245398773,0.5646846964431768,0.4622879685249655,0.5950920245398773,1.4470909237861633
MLP_finetuning_and_four_domains,Fragment,4,0.588957055214724,0.5970208362207126,0.5400521420689488,0.588957055214724,3.0549232562383017
