{"step/run_4":49,"train_loss/run_1":1.2243863886052913,"_runtime":171.761970234,"UMAP SSL BEFORE FCN_linearprobing_and_one_domain":{"path":"media/plotly/UMAP SSL BEFORE FCN_linearprobing_and_one_domain_486_a627eeb8aa8a132f2b52.plotly.json","_type":"plotly-file","sha256":"a627eeb8aa8a132f2b52cea8a825d0bb3f91f6ca96a0e349d66b77ba5e2b8e5f","size":49086},"val_loss/run_5":1.4264353513717651,"step/run_5":49,"val_loss/run_2":1.534981608390808,"val_loss/run_9":2.549089193344116,"train_loss/run_5":1.082326200875369,"val_loss/run_4":2.289728879928589,"train_loss/run_7":1.0021218874237754,"UMAP mlp BEFORE FCN_linearprobing_and_one_domain":{"sha256":"b297383f634420239c24e3d20507a36b039b934011d9241190dee41c49c95e5f","size":49269,"path":"media/plotly/UMAP mlp BEFORE FCN_linearprobing_and_one_domain_538_b297383f634420239c24.plotly.json","_type":"plotly-file"},"_timestamp":1.7441550889674926e+09,"val_loss/run_0":1.320604721705119,"step/run_9":49,"val_loss/run_8":1.4918007453282673,"_wandb":{"runtime":171},"step/run_8":49,"train_loss/run_2":1.2269005558707498,"train_loss/run_0":1.3060969222675671,"step/run_2":49,"UMAP SSL AFTER FCN_linearprobing_and_one_domain":{"sha256":"7fc6c7733dec76ea3173777467b1e55629b5169db475a978985bc63b04a2e606","size":49177,"path":"media/plotly/UMAP SSL AFTER FCN_linearprobing_and_one_domain_537_7fc6c7733dec76ea3173.plotly.json","_type":"plotly-file"},"_step":539,"train_loss/run_3":1.1180343519557605,"train_loss/run_9":0.9744319102980874,"train_loss/run_8":0.9777368957346136,"step/run_7":49,"train_loss/run_4":1.1067578142339534,"step/run_0":49,"umap_mlp_after":{"size":49269,"path":"media/plotly/umap_mlp_after_539_b297383f634420239c24.plotly.json","_type":"plotly-file","sha256":"b297383f634420239c24e3d20507a36b039b934011d9241190dee41c49c95e5f"},"val_loss/run_7":1.6100753545761108,"step/run_3":49,"val_loss/run_3":1.3144845962524414,"val_loss/run_1":1.3250288168589275,"train_loss/run_6":1.0195606405084783,"umap_before":{"size":49086,"path":"media/plotly/umap_before_539_a627eeb8aa8a132f2b52.plotly.json","_type":"plotly-file","sha256":"a627eeb8aa8a132f2b52cea8a825d0bb3f91f6ca96a0e349d66b77ba5e2b8e5f"},"val_loss/run_6":1.367476463317871,"step/run_6":49,"step/run_1":49,"umap_after":{"path":"media/plotly/umap_after_539_7fc6c7733dec76ea3173.plotly.json","_type":"plotly-file","sha256":"7fc6c7733dec76ea3173777467b1e55629b5169db475a978985bc63b04a2e606","size":49177}}