{"val_loss/run_7":2.4760027726491294,"step/run_9":49,"train_loss/run_7":0.7233891053633257,"val_loss/run_5":1.3071153958638508,"val_loss/run_8":1.5392377376556396,"UMAP SSL BEFORE FCN_linearprobing_and_four_domains":{"sha256":"fbd5fe0588d8e56da6136e92ecb48f8275c87acfc221479b79385cd655e5722f","size":48951,"path":"media/plotly/UMAP SSL BEFORE FCN_linearprobing_and_four_domains_486_fbd5fe0588d8e56da613.plotly.json","_type":"plotly-file"},"train_loss/run_2":0.9519898078658364,"train_loss/run_8":0.6578416499224576,"_wandb":{"runtime":171},"step/run_6":49,"_timestamp":1.7441547161324348e+09,"step/run_5":49,"val_loss/run_1":1.154532750447591,"UMAP SSL AFTER FCN_linearprobing_and_four_domains":{"path":"media/plotly/UMAP SSL AFTER FCN_linearprobing_and_four_domains_537_23905f220ffdbbcbaefd.plotly.json","_type":"plotly-file","sha256":"23905f220ffdbbcbaefd3bd2149a8575411e7d46cda55034db4a5ca7e3e0cd62","size":49132},"train_loss/run_0":1.2361168211156672,"train_loss/run_3":0.8266458511352539,"val_loss/run_0":1.288719614346822,"UMAP mlp BEFORE FCN_linearprobing_and_four_domains":{"size":49372,"path":"media/plotly/UMAP mlp BEFORE FCN_linearprobing_and_four_domains_538_633bb23d55b34e533d1e.plotly.json","_type":"plotly-file","sha256":"633bb23d55b34e533d1e898e3cc285f73bd1a0c53ddc2e79ebc86f71cc944dc3"},"step/run_0":49,"val_loss/run_3":1.3174666166305542,"_step":539,"train_loss/run_9":0.6699038093740289,"step/run_1":49,"val_loss/run_4":2.485947767893473,"val_loss/run_2":2.160962224006653,"train_loss/run_5":0.7391975955529646,"step/run_4":49,"umap_after":{"_type":"plotly-file","sha256":"23905f220ffdbbcbaefd3bd2149a8575411e7d46cda55034db4a5ca7e3e0cd62","size":49132,"path":"media/plotly/umap_after_539_23905f220ffdbbcbaefd.plotly.json"},"umap_mlp_after":{"size":49372,"path":"media/plotly/umap_mlp_after_539_633bb23d55b34e533d1e.plotly.json","_type":"plotly-file","sha256":"633bb23d55b34e533d1e898e3cc285f73bd1a0c53ddc2e79ebc86f71cc944dc3"},"step/run_2":49,"train_loss/run_1":1.0285080671310425,"val_loss/run_6":1.3186360597610474,"_runtime":171.801291549,"umap_before":{"size":48951,"path":"media/plotly/umap_before_539_fbd5fe0588d8e56da613.plotly.json","_type":"plotly-file","sha256":"fbd5fe0588d8e56da6136e92ecb48f8275c87acfc221479b79385cd655e5722f"},"step/run_8":49,"step/run_3":49,"train_loss/run_4":0.8056210983883251,"train_loss/run_6":0.7316437797112898,"step/run_7":49,"val_loss/run_9":1.8840765953063965}