model,dataset,exp,avg loss,acc,f1,recall,precision
MLP_finetuning_and_four_domains,Fragment,0,0.5766871165644172,0.5742086180491068,0.493496863821274,0.5766871165644172,2.753648559252421
MLP_finetuning_and_four_domains,Fragment,1,0.558282208588957,0.5431639122904864,0.5070002658160553,0.558282208588957,2.8207650184631348
MLP_finetuning_and_four_domains,Fragment,2,0.5950920245398773,0.6000011873722877,0.5308254458963678,0.5950920245398773,2.346554160118103
MLP_finetuning_and_four_domains,Fragment,3,0.5460122699386503,0.545734316179846,0.47538922123064514,0.5460122699386503,2.7050015528996787
MLP_finetuning_and_four_domains,Fragment,4,0.6319018404907976,0.6273230475334685,0.5633373027536518,0.6319018404907976,2.602377414703369
