{"train_losses": [8.791539371286639], "val_losses": [13.44577952354185], "repr_shape": [320, 92], "best_epoch": 0, "time": 108.938583}