model,dataset,exp,avg loss,acc,f1,recall,precision
MLP_finetuning_and_one_domain,Fragment,0,1.0823578238487244,0.7177914110429447,0.6626526371774343,0.51757820820872,0.7177914110429447
MLP_finetuning_and_one_domain,Fragment,1,1.0974563558896382,0.7116564417177914,0.6497635793387042,0.48933197553439595,0.7116564417177914
MLP_finetuning_and_one_domain,Fragment,2,1.0937532385190327,0.7239263803680982,0.6775887579245667,0.5417957170817583,0.7239263803680982
MLP_finetuning_and_one_domain,Fragment,3,1.0973994135856628,0.7177914110429447,0.6658931354125511,0.5170691674839272,0.7177914110429447
MLP_finetuning_and_one_domain,Fragment,4,1.0887388586997986,0.7116564417177914,0.6547238411446059,0.5042545221750027,0.7116564417177914
