model,dataset,exp,avg loss,acc,f1,recall,precision
MLP_linearprobing_and_one_domain,Fragment,0,0.4233128834355828,0.4264414590268879,0.31949895062860406,0.4233128834355828,1.872479756673177
MLP_linearprobing_and_one_domain,Fragment,1,0.36809815950920244,0.38051300422339646,0.2797292420379048,0.36809815950920244,1.930578589439392
MLP_linearprobing_and_one_domain,Fragment,2,0.4233128834355828,0.42405815923847506,0.316153375123949,0.4233128834355828,1.9236046075820923
MLP_linearprobing_and_one_domain,Fragment,3,0.38650306748466257,0.39885963592400436,0.290806066508346,0.38650306748466257,1.9808491071065266
MLP_linearprobing_and_one_domain,Fragment,4,0.3803680981595092,0.38828334810679593,0.2849568306009848,0.3803680981595092,1.8635146617889404
