model,dataset,exp,avg loss,acc,f1,recall,precision
MLP_finetuning_and_four_domains,Fragment,0,1.8029553492863972,0.26993865030674846,0.1559003969686034,0.0784313725490196,0.26993865030674846
MLP_finetuning_and_four_domains,Fragment,1,1.7668580214182537,0.27607361963190186,0.17977143604171086,0.10498949046894251,0.27607361963190186
MLP_finetuning_and_four_domains,Fragment,2,1.790023406346639,0.31901840490797545,0.16972407748798696,0.08538587848932677,0.31901840490797545
MLP_finetuning_and_four_domains,Fragment,3,1.7693541447321575,0.3312883435582822,0.1762519266221403,0.08866995073891626,0.3312883435582822
MLP_finetuning_and_four_domains,Fragment,4,1.7751431862513225,0.294478527607362,0.190965724708056,0.1287001287001287,0.294478527607362
