model,dataset,exp,avg loss,acc,f1,recall,precision
MLP_finetuning_and_four_domains,Fragment,0,0.20245398773006135,0.10317033210155588,0.15518735109378384,0.20245398773006135,6.474471728006999
MLP_finetuning_and_four_domains,Fragment,1,0.1901840490797546,0.09739263803680982,0.14583333333333334,0.1901840490797546,6.670779625574748
MLP_finetuning_and_four_domains,Fragment,2,0.19631901840490798,0.10372045957817548,0.1560034516765286,0.19631901840490798,8.207199335098267
MLP_finetuning_and_four_domains,Fragment,3,0.1901840490797546,0.08827062508044102,0.1315073815073815,0.1901840490797546,7.166000048319499
MLP_finetuning_and_four_domains,Fragment,4,0.18404907975460122,0.09406730320730541,0.14093026069073974,0.18404907975460122,6.255340019861857
