{"train_loss/run_0":1.689235351302407,"val_loss/run_0":1.6977222561836243,"step/run_0":9,"_wandb":{"runtime":5},"UMAP SSL BEFORE MLP_linearprobing_and_four_domains":{"sha256":"f99e83cecb33e4644d0d3c89d5167f10e9128ee42bdb29bdbb983cef44478a83","size":49460,"path":"media/plotly/UMAP SSL BEFORE MLP_linearprobing_and_four_domains_0_f99e83cecb33e4644d0d.plotly.json","_type":"plotly-file"},"_timestamp":1.7442993486246474e+09,"_runtime":4.307740049,"_step":10}