model,dataset,exp,avg loss,acc,f1,recall,precision
MLP_finetuning_and_one_domain,Fragment,0,1.6086668173472087,0.37423312883435583,0.24276868364027243,0.1349798073936005,0.37423312883435583
MLP_finetuning_and_one_domain,Fragment,1,1.5663965940475464,0.38650306748466257,0.26727180744837487,0.1566536444585225,0.38650306748466257
MLP_finetuning_and_one_domain,Fragment,2,1.6011765797932942,0.37423312883435583,0.24395728044793616,0.135577774306098,0.37423312883435583
MLP_finetuning_and_one_domain,Fragment,3,1.5978066126505535,0.39263803680981596,0.2752520174766107,0.1722644505253201,0.39263803680981596
MLP_finetuning_and_one_domain,Fragment,4,1.5944318771362305,0.3803680981595092,0.265741039715854,0.15058479532163743,0.3803680981595092
