model,dataset,exp,avg loss,acc,f1,recall,precision
MLP_linearprobing_and_one_domain,Fragment,0,1.2513733903566997,0.5337423312883436,0.4029909388664439,0.25019331526648597,0.5337423312883436
MLP_linearprobing_and_one_domain,Fragment,1,1.231601893901825,0.5460122699386503,0.42735712203628484,0.2657142416103238,0.5460122699386503
MLP_linearprobing_and_one_domain,Fragment,2,1.22029443581899,0.5460122699386503,0.4287950012434117,0.26622064803882983,0.5460122699386503
MLP_linearprobing_and_one_domain,Fragment,3,1.2155153552691143,0.5398773006134969,0.4181546680485548,0.2564549823510646,0.5398773006134969
MLP_linearprobing_and_one_domain,Fragment,4,1.2844863136609395,0.5276073619631901,0.38080749997025715,0.22809739280327515,0.5276073619631901
