{
    "train_loss": [
        1.7945165959271518,
        1.7533956657756458,
        1.7352651682767002,
        1.72138465534557,
        1.709560589356856,
        1.6991061080585828,
        1.6896607117219404,
        1.6811224222183228,
        1.6733758016066118,
        1.6663018248297952,
        1.659814336083152,
        1.6538262909108943,
        1.6482939503409646,
        1.6431459947065874,
        1.638339107686823,
        1.6338335058905862,
        1.6296075582504272,
        1.6256316683509133,
        1.6218165701085872,
        1.6182604161175815,
        1.614790678024292,
        1.6115761995315552,
        1.6084056334062056,
        1.6055279645052822,
        1.6025704037059436,
        1.5999262007800015,
        1.5971616940064863,
        1.5947146849198774,
        1.5921363180333918,
        1.5898437825116245,
        1.5874043377962979,
        1.5852293101224033,
        1.5829522284594448,
        1.5808565833351829,
        1.5787181854248047,
        1.5767314325679431,
        1.5746724930676548,
        1.5727409016002307,
        1.5707973133433948,
        1.5689460255882957,
        1.5670699964870105,
        1.5653070428154685,
        1.5634602850133723,
        1.5618855302984065,
        1.5601036656986584,
        1.5586322329261086,
        1.5567774447527798,
        1.5553556247190996,
        1.5534648245031184,
        1.5521302981810137,
        1.5501712127165361,
        1.5488688078793613,
        1.5469441522251477,
        1.5456713871522383,
        1.5437703349373557,
        1.5425500002774326,
        1.540598750114441,
        1.5394858446988193,
        1.5374910939823498,
        1.5365316325967961
    ],
    "val_loss": [
        1.7849695980548859,
        1.7811052799224854,
        1.75860196352005,
        1.72991344332695,
        1.711139053106308,
        1.699486255645752,
        1.6914826035499573,
        1.6853292882442474,
        1.6788510978221893,
        1.672595739364624,
        1.666496753692627,
        1.661301612854004,
        1.6565124988555908,
        1.6521568894386292,
        1.6479167342185974,
        1.6443401873111725,
        1.640981525182724,
        1.63812455534935,
        1.635409653186798,
        1.6323198974132538,
        1.6302951872348785,
        1.6269388794898987,
        1.625141590833664,
        1.6218729317188263,
        1.6213104724884033,
        1.6182811856269836,
        1.617594689130783,
        1.6147833168506622,
        1.6139880120754242,
        1.6119243800640106,
        1.6104833781719208,
        1.6097134947776794,
        1.6080101132392883,
        1.6067280173301697,
        1.6052092015743256,
        1.604299157857895,
        1.6025871336460114,
        1.6021426320075989,
        1.6010543406009674,
        1.5999528765678406,
        1.5991540551185608,
        1.5983608663082123,
        1.5973227322101593,
        1.5972781479358673,
        1.5968205332756042,
        1.5947344899177551,
        1.5959601700305939,
        1.5933297872543335,
        1.5945712327957153,
        1.5916591882705688,
        1.5931476950645447,
        1.5906513631343842,
        1.591939389705658,
        1.5898221731185913,
        1.5902024805545807,
        1.5891591906547546,
        1.588861346244812,
        1.5884256958961487,
        1.5878646969795227,
        1.588059902191162
    ]
}