{
    "train_loss": [
        1.8201637268066406,
        1.7755780761892146,
        1.7549740943041714,
        1.7389368143948642,
        1.7252405881881714,
        1.7131863940845837,
        1.7024142417040737,
        1.692713650790128,
        1.683930212801153,
        1.6759033744985408,
        1.6685148044065996,
        1.6617332263426348,
        1.6554328853433782,
        1.649646683172746,
        1.6442629315636375,
        1.6393062526529485,
        1.634455073963512,
        1.6300588737834583,
        1.6258890520442615,
        1.6219591986049304,
        1.6181993051008745,
        1.614641471342607,
        1.611167387528853,
        1.6078782948580654,
        1.6046924591064453,
        1.6017289703542537,
        1.5987851511348377,
        1.596020145849748,
        1.5932926698164507,
        1.5907251943241467,
        1.5881537957624956,
        1.5857038497924805,
        1.5832899050279097,
        1.5809443322095005,
        1.5786966193806042,
        1.576463688503612,
        1.5743455778468738,
        1.5721969171003862,
        1.5701585357839412,
        1.568054578521035,
        1.5661766745827415,
        1.5640870982950383,
        1.5623082356019453,
        1.5603215802799573,
        1.558631181716919,
        1.5567184686660767,
        1.5550490401007913,
        1.5532273921099575,
        1.5515452189878984,
        1.5497759255495938,
        1.548045982014049,
        1.5462984280152754,
        1.5444878339767456,
        1.542814774946733,
        1.5410580201582476,
        1.539483124559576,
        1.5377831242301248,
        1.5363064137372104,
        1.534628759730946,
        1.533109719103033
    ],
    "val_loss": [
        1.8183600902557373,
        1.820946991443634,
        1.7985461354255676,
        1.7621828019618988,
        1.737648367881775,
        1.723770022392273,
        1.7140275537967682,
        1.7069308757781982,
        1.7005290687084198,
        1.6949897110462189,
        1.6893253326416016,
        1.683489739894867,
        1.6790359914302826,
        1.6736570298671722,
        1.6706927120685577,
        1.6644276082515717,
        1.662728488445282,
        1.656607449054718,
        1.6557136178016663,
        1.6499283611774445,
        1.6490172743797302,
        1.6437479555606842,
        1.6435175240039825,
        1.6381597220897675,
        1.6383792459964752,
        1.6331313252449036,
        1.6333891451358795,
        1.6288255453109741,
        1.629232108592987,
        1.6248608827590942,
        1.6252948939800262,
        1.6217265725135803,
        1.6217066943645477,
        1.6184067726135254,
        1.6187627017498016,
        1.615191638469696,
        1.6159987151622772,
        1.6125039458274841,
        1.6133151948451996,
        1.6098174452781677,
        1.6109983026981354,
        1.6075409650802612,
        1.6093548238277435,
        1.6051866114139557,
        1.6081619262695312,
        1.6023158431053162,
        1.6070681512355804,
        1.6000520884990692,
        1.6060037910938263,
        1.5980460941791534,
        1.6050560772418976,
        1.5959866642951965,
        1.6038015484809875,
        1.5947274267673492,
        1.602841079235077,
        1.5926333367824554,
        1.6025001108646393,
        1.590932697057724,
        1.6014582216739655,
        1.5892821848392487
    ]
}