{
    "train_loss": [
        1.8794431469657205,
        1.8327927155928179,
        1.808853181925687,
        1.7893955382433804,
        1.7722196037119085,
        1.756711407141252,
        1.742659178647128,
        1.7298794117840854,
        1.718209678476507,
        1.7075750069184736,
        1.6978169137781316,
        1.6889021830125288,
        1.6806877743114124,
        1.6731205094944348,
        1.666077429598028,
        1.6595767194574529,
        1.6534238836982034,
        1.6477111144499346,
        1.6423020146109841,
        1.6373756798830899,
        1.632702578197826,
        1.6284201795404607,
        1.6240808963775635,
        1.620119723406705,
        1.6160475665872747,
        1.6124062104658647,
        1.6088555401021785,
        1.6055668050592595,
        1.6022336049513384,
        1.5991476774215698,
        1.5961620699275623,
        1.5932107947089456,
        1.5905536304820667,
        1.5876988822763616,
        1.585400646383112,
        1.5827029401605779,
        1.5807213349775835,
        1.5780809792605313,
        1.5762490250847556,
        1.5735421722585505,
        1.5715843655846335,
        1.569031466137279,
        1.5670140981674194,
        1.5647461739453403,
        1.5627735636451028,
        1.5607479268854314,
        1.5588831142945723,
        1.5571335012262517,
        1.5553214658390393,
        1.5537859093059192,
        1.5517148971557617,
        1.55035231330178,
        1.5479842316020618,
        1.5467183915051548,
        1.5441667708483608,
        1.5429899584163318,
        1.540504520589655,
        1.539479049769315,
        1.5370809706774624,
        1.5361163074320012
    ],
    "val_loss": [
        1.8177248239517212,
        1.8346451818943024,
        1.8223884105682373,
        1.7930381000041962,
        1.7698001861572266,
        1.7537030577659607,
        1.7405200004577637,
        1.7281493246555328,
        1.7167924046516418,
        1.7066210210323334,
        1.6975716650485992,
        1.6901904046535492,
        1.6824454069137573,
        1.6764532327651978,
        1.6685455739498138,
        1.6656681299209595,
        1.657668262720108,
        1.6559854447841644,
        1.6487559080123901,
        1.64737668633461,
        1.6410734355449677,
        1.6389206647872925,
        1.6355732679367065,
        1.6314601004123688,
        1.6309747099876404,
        1.6250359117984772,
        1.6261321902275085,
        1.6200979948043823,
        1.6215465366840363,
        1.6157956719398499,
        1.6171146929264069,
        1.612122356891632,
        1.613587349653244,
        1.609072983264923,
        1.6101092994213104,
        1.6059859097003937,
        1.606998085975647,
        1.6034852862358093,
        1.6034343242645264,
        1.6023633778095245,
        1.5993207097053528,
        1.6006796658039093,
        1.5957688093185425,
        1.599365770816803,
        1.593125194311142,
        1.598064661026001,
        1.5913706123828888,
        1.596893310546875,
        1.5894379317760468,
        1.5956884920597076,
        1.5871998071670532,
        1.5952682793140411,
        1.5846903026103973,
        1.5943738520145416,
        1.583208441734314,
        1.5941253304481506,
        1.5812115967273712,
        1.5930265188217163,
        1.5796852707862854,
        1.5930057764053345
    ]
}