{
    "train_loss": [
        1.7694220001047307,
        1.7301205071535977,
        1.7133544791828503,
        1.7006387927315452,
        1.6898761120709507,
        1.6803330833261663,
        1.6717077818783848,
        1.6638947075063533,
        1.6568278074264526,
        1.6504047025333752,
        1.6445464546030217,
        1.63913724639199,
        1.634142355485396,
        1.6295357834209094,
        1.6252461671829224,
        1.6212457851930098,
        1.61756432056427,
        1.6141532984646885,
        1.6111691214821555,
        1.6079708446155896,
        1.6048360846259377,
        1.6017032644965432,
        1.5989909930662676,
        1.5962471853603015,
        1.5938352779908613,
        1.5913421565836126,
        1.589180502024564,
        1.5868132764642888,
        1.5846870920874856,
        1.5823834917762063,
        1.5803151239048352,
        1.5780947967009111,
        1.5762639045715332,
        1.5741026184775613,
        1.572418678890575,
        1.5703341960906982,
        1.568796537139199,
        1.5667521411722356,
        1.565223596312783,
        1.563271706754511,
        1.561743367802013,
        1.5598284114490857,
        1.558292183009061,
        1.5564863790165295,
        1.5549762682481245,
        1.553217280994762,
        1.551666411486539,
        1.5499803586439653,
        1.548479210246693,
        1.5468910932540894,
        1.5453945723446934,
        1.5438589399511164,
        1.5423455455086448,
        1.5407947952097112,
        1.5392829829996282,
        1.537778074091131,
        1.5362911007621072,
        1.5347886193882336,
        1.5334016301415183,
        1.5318581732836636
    ],
    "val_loss": [
        1.7600270211696625,
        1.7346083223819733,
        1.6981578171253204,
        1.6644489467144012,
        1.6451497375965118,
        1.6360818147659302,
        1.6305055916309357,
        1.6257804036140442,
        1.6215494275093079,
        1.6179035902023315,
        1.6147869229316711,
        1.6122224926948547,
        1.6102536022663116,
        1.6072470545768738,
        1.6060143411159515,
        1.602424532175064,
        1.6030762493610382,
        1.59720179438591,
        1.6012475788593292,
        1.593848079442978,
        1.5980255901813507,
        1.5923116505146027,
        1.5957102477550507,
        1.5904493927955627,
        1.5940705239772797,
        1.5874625444412231,
        1.5931313335895538,
        1.585321694612503,
        1.591126024723053,
        1.5841059386730194,
        1.5895512998104095,
        1.5831269025802612,
        1.5881633758544922,
        1.581843078136444,
        1.5871069133281708,
        1.5799583792686462,
        1.585861712694168,
        1.5794890224933624,
        1.58425372838974,
        1.5793986320495605,
        1.5826689898967743,
        1.5793437063694,
        1.5813947319984436,
        1.5789905190467834,
        1.5806979835033417,
        1.5788434445858002,
        1.5800170600414276,
        1.578430712223053,
        1.57914337515831,
        1.5785249173641205,
        1.5784959495067596,
        1.5780556499958038,
        1.5780066847801208,
        1.5776868760585785,
        1.577595442533493,
        1.577294498682022,
        1.577339619398117,
        1.5764837563037872,
        1.5771750509738922,
        1.575758934020996
    ]
}