{
    "train_loss": [
        1.7695377306504683,
        1.7290448275479404,
        1.7121622237292202,
        1.6998722878369419,
        1.6896036754954944,
        1.6805695295333862,
        1.6724626584486528,
        1.6651467301628806,
        1.6584907553412698,
        1.6523981852964922,
        1.6467672478068958,
        1.641576734456149,
        1.636745496229692,
        1.6322119344364514,
        1.6279628168452869,
        1.6239692514592952,
        1.6202034841884265,
        1.6166406869888306,
        1.61324481530623,
        1.6100225231864236,
        1.6069308844479648,
        1.6039893410422585,
        1.6011893315748735,
        1.5984811891208996,
        1.595926653255116,
        1.5934386253356934,
        1.5910452821037986,
        1.5887383981184526,
        1.5864971009167759,
        1.584394021467729,
        1.5822507034648547,
        1.5802382772619075,
        1.5781536102294922,
        1.5761729262091897,
        1.5741768316789106,
        1.572279691696167,
        1.570372386412187,
        1.56856492432681,
        1.566720496524464,
        1.5649974237788806,
        1.563208980993791,
        1.5615877563303167,
        1.5598012425682761,
        1.5582902106371792,
        1.5565110661766746,
        1.5550689047033137,
        1.553284298289906,
        1.5518107630989768,
        1.5500783161683516,
        1.548633174462752,
        1.54695463180542,
        1.5454932559620251,
        1.5438876910643144,
        1.5424450419165872,
        1.5409073612906716,
        1.5394852703267878,
        1.537914362820712,
        1.5365227677605369,
        1.5349553281610662,
        1.5335826765407214
    ],
    "val_loss": [
        1.8130529522895813,
        1.8095156848430634,
        1.7743200063705444,
        1.7362008392810822,
        1.7129628658294678,
        1.700543999671936,
        1.693324625492096,
        1.687030017375946,
        1.6811906397342682,
        1.6755230128765106,
        1.6699838638305664,
        1.6652674078941345,
        1.6610535979270935,
        1.6569353640079498,
        1.6529298722743988,
        1.6500707566738129,
        1.6466833055019379,
        1.6439463794231415,
        1.6406873762607574,
        1.6388750672340393,
        1.6356295943260193,
        1.6336303055286407,
        1.6313775181770325,
        1.6303220987319946,
        1.6278835535049438,
        1.6261592209339142,
        1.6237065494060516,
        1.6228249073028564,
        1.6206172406673431,
        1.6205392479896545,
        1.618546575307846,
        1.6177694201469421,
        1.615857571363449,
        1.615144968032837,
        1.6132942736148834,
        1.613243728876114,
        1.6112577021121979,
        1.6116200983524323,
        1.6091427206993103,
        1.609865963459015,
        1.6074318885803223,
        1.6082375943660736,
        1.6059986054897308,
        1.6062586605548859,
        1.604590892791748,
        1.604579508304596,
        1.6031915843486786,
        1.602997362613678,
        1.6022188365459442,
        1.6017510294914246,
        1.6009878516197205,
        1.6007634103298187,
        1.5996701419353485,
        1.5996781587600708,
        1.5987342596054077,
        1.5993421971797943,
        1.5979624688625336,
        1.5982246696949005,
        1.5969532430171967,
        1.5976371467113495
    ]
}