model,dataset,exp,avg loss,acc,f1,recall,precision
MLP_finetuning_and_four_domains,Fragment,0,0.5153374233128835,0.5309509410611956,0.4866036099292501,0.5153374233128835,2.6622191667556763
MLP_finetuning_and_four_domains,Fragment,1,0.5950920245398773,0.5853411425328635,0.5323193293413389,0.5950920245398773,2.802467664082845
MLP_finetuning_and_four_domains,Fragment,2,0.5828220858895705,0.5944672404886605,0.5331198763525116,0.5828220858895705,1.4647061427434285
MLP_finetuning_and_four_domains,Fragment,3,0.50920245398773,0.5256275645447188,0.47923348403349947,0.50920245398773,2.761113166809082
MLP_finetuning_and_four_domains,Fragment,4,0.5214723926380368,0.5382344286767686,0.4751904495002151,0.5214723926380368,3.4633213678995767
