{
    "train_loss": [
        1.7471450892361728,
        1.7109152620488948,
        1.6949289712038906,
        1.681404102932323,
        1.667782339182767,
        1.6540447148409756,
        1.6411513090133667,
        1.6258070794018833,
        1.6082089380784468,
        1.5917022770101374,
        1.5711060870777478,
        1.5488194118846546,
        1.5214233831925825,
        1.496151414784518,
        1.468771674416282,
        1.446389144117182,
        1.4233771454204212,
        1.4039151776920666,
        1.3889511823654175,
        1.3715291077440435,
        1.3527721600099043,
        1.3404894796284763,
        1.3316668326204473,
        1.3133756626736035,
        1.304261949929324,
        1.3041629195213318,
        1.275179223580794,
        1.267529471354051,
        1.279307024045424,
        1.2483749172904275,
        1.2486149993809788,
        1.222990176894448,
        1.2029732845046304,
        1.188850007273934,
        1.181194787675684,
        1.1662731549956582,
        1.1702061620625583,
        1.1505969546057961,
        1.1513800621032715,
        1.1578734788027676,
        1.129184825853868,
        1.1271043690768154,
        1.0936963558197021,
        1.0903749682686545,
        1.0697859092192217,
        1.0687912540002302,
        1.0789806788617915,
        1.0769488974051042,
        1.1021666526794434,
        1.0755566304380244,
        1.0616923841563137,
        1.0592934597622266,
        1.0483161102641712,
        1.0106388547203757,
        0.9867178201675415,
        0.9769291823560541,
        0.9670904062011025,
        0.969075473872098,
        0.950732783837752,
        0.9408548961986195
    ],
    "val_loss": [
        1.7803002893924713,
        1.74393430352211,
        1.6845567524433136,
        1.63751620054245,
        1.6094696819782257,
        1.5928016006946564,
        1.581086426973343,
        1.5702820867300034,
        1.5641735196113586,
        1.560090035200119,
        1.5574784576892853,
        1.5587428957223892,
        1.5556009113788605,
        1.5510236620903015,
        1.5582764446735382,
        1.559899240732193,
        1.5613660514354706,
        1.5715048015117645,
        1.564736932516098,
        1.5749265551567078,
        1.5777542293071747,
        1.5805745422840118,
        1.5707922875881195,
        1.5930011570453644,
        1.5682010650634766,
        1.5830911695957184,
        1.5994197726249695,
        1.624697357416153,
        1.5818971246480942,
        1.6262323558330536,
        1.5731953978538513,
        1.611848771572113,
        1.6189429759979248,
        1.619471937417984,
        1.6047953516244888,
        1.645176738500595,
        1.6025347858667374,
        1.6486358046531677,
        1.6396653950214386,
        1.634373351931572,
        1.6556532979011536,
        1.6348965167999268,
        1.6572363078594208,
        1.6738620102405548,
        1.6535090208053589,
        1.6892847418785095,
        1.6665226817131042,
        1.7271590828895569,
        1.721064418554306,
        1.640695959329605,
        1.7193918228149414,
        1.6711236834526062,
        1.6933261156082153,
        1.686340868473053,
        1.6886511445045471,
        1.7008991837501526,
        1.7261265814304352,
        1.6863603293895721,
        1.716385304927826,
        1.7071768939495087
    ]
}