{
    "train_loss": [
        1.8185763467441907,
        1.7748405825008045,
        1.7512806437232278,
        1.7288575822656804,
        1.7082630721005527,
        1.6861456524242053,
        1.6646157719872214,
        1.6429306160319934,
        1.6217624382539229,
        1.597723744132302,
        1.5729779330166904,
        1.5458942435004495,
        1.5205320119857788,
        1.4916754419153386,
        1.4646685123443604,
        1.4425550482489846,
        1.4185197244990955,
        1.4025005210529675,
        1.3868803869594226,
        1.3730805245312778,
        1.3556629094210537,
        1.340126471085982,
        1.3255304856733843,
        1.312240633097562,
        1.2937072298743508,
        1.2818290753798052,
        1.2726971344514326,
        1.2598970911719582,
        1.2346751852469011,
        1.2253811847079883,
        1.2251402735710144,
        1.2055568803440442,
        1.204308645291762,
        1.2518805807287043,
        1.1808060949498957,
        1.1693035580895164,
        1.1536354205825112,
        1.1570319587534124,
        1.1425109451467341,
        1.1410912654616616,
        1.1157197735526345,
        1.1006883653727444,
        1.0828980749303645,
        1.0689784342592412,
        1.0586749206889758,
        1.0484215075319463,
        1.0408500812270425,
        1.035467727617784,
        1.023229024626992,
        1.0122248530387878,
        1.0021360841664402,
        0.9918268702246926,
        0.9841704368591309,
        0.9950499751351096,
        0.9699501666155729,
        0.9937437176704407,
        1.1095154068686746,
        1.0277765068140896,
        1.0230852528051897,
        1.0138569311662153
    ],
    "val_loss": [
        1.8092880547046661,
        1.7660426199436188,
        1.697250485420227,
        1.6483371555805206,
        1.6176660358905792,
        1.5939071774482727,
        1.5744814574718475,
        1.5594112575054169,
        1.5455079972743988,
        1.5403552651405334,
        1.5147238075733185,
        1.5201047360897064,
        1.4930770993232727,
        1.5030689090490341,
        1.477459356188774,
        1.4926170408725739,
        1.4657049626111984,
        1.4886647015810013,
        1.4655508548021317,
        1.4828888475894928,
        1.48222254216671,
        1.4753852486610413,
        1.4891788214445114,
        1.479533925652504,
        1.493922233581543,
        1.4645799398422241,
        1.489382654428482,
        1.4738244712352753,
        1.4842971116304398,
        1.4708061665296555,
        1.5132678747177124,
        1.5346017628908157,
        1.6319806277751923,
        1.5026825666427612,
        1.5319494903087616,
        1.5177627205848694,
        1.521201178431511,
        1.5129956156015396,
        1.5077271163463593,
        1.4918589890003204,
        1.5108610689640045,
        1.4775835126638412,
        1.5122534334659576,
        1.4726984947919846,
        1.5016315281391144,
        1.4706720858812332,
        1.507274106144905,
        1.4709281474351883,
        1.5035818219184875,
        1.4601546376943588,
        1.5324382483959198,
        1.4513771384954453,
        1.535464271903038,
        1.4854768216609955,
        1.5696787238121033,
        1.6847219169139862,
        1.594394490122795,
        1.5987252593040466,
        1.5193249732255936,
        1.5039195120334625
    ]
}