{
    "train_loss": [
        1.7778614867817273,
        1.7364317287098279,
        1.7175738378004595,
        1.700312451882796,
        1.6819746494293213,
        1.6637539321726018,
        1.644638560035012,
        1.6260770667682996,
        1.6052759343927556,
        1.5819795673543757,
        1.5602809949354692,
        1.5367172739722512,
        1.5119278647682883,
        1.4894754561510952,
        1.4647460092197766,
        1.442740884694186,
        1.42380014332858,
        1.3995796983892268,
        1.3818792538209395,
        1.3717076019807295,
        1.357250148599798,
        1.342095353386619,
        1.348190806128762,
        1.320448024706407,
        1.3190939968282527,
        1.3343385132876309,
        1.285712805661288,
        1.2668225494298069,
        1.2464725158431313,
        1.2417035102844238,
        1.239298787983981,
        1.2317536581646313,
        1.221252289685336,
        1.1995380520820618,
        1.1899982203136792,
        1.1758809306404807,
        1.1649314544417642,
        1.1565255847844211,
        1.1400920965454795,
        1.134576759555123,
        1.1257743076844648,
        1.132220533761111,
        1.112119203264063,
        1.1130174831910566,
        1.1383716030554338,
        1.1238335100087253,
        1.1064908450300044,
        1.1270770322192798,
        1.0879261872985146,
        1.0736073797399348,
        1.0695516250350259,
        1.0497543540867893,
        1.0349570350213484,
        1.0322648341005498,
        1.0168801220980557,
        1.0435176708481528,
        1.0328444784337825,
        1.0716831142252141,
        1.0126666318286548,
        0.9932019385424528
    ],
    "val_loss": [
        1.7631494998931885,
        1.7188604176044464,
        1.655966967344284,
        1.602000504732132,
        1.5693486034870148,
        1.5469130277633667,
        1.5292065143585205,
        1.5191477835178375,
        1.5113242864608765,
        1.5082991123199463,
        1.5041436553001404,
        1.5048393607139587,
        1.5068851709365845,
        1.5030092895030975,
        1.5082961320877075,
        1.508696973323822,
        1.5148031115531921,
        1.5142645835876465,
        1.505611538887024,
        1.5347216427326202,
        1.5274192094802856,
        1.5464808940887451,
        1.5396287441253662,
        1.5735638439655304,
        1.5937019884586334,
        1.5613966882228851,
        1.5832405984401703,
        1.5849457681179047,
        1.5848276913166046,
        1.5981479287147522,
        1.580481857061386,
        1.5850138068199158,
        1.5715463757514954,
        1.59261155128479,
        1.6041942536830902,
        1.5829110145568848,
        1.629743367433548,
        1.606613963842392,
        1.6168709099292755,
        1.5948533415794373,
        1.6671638488769531,
        1.6144556999206543,
        1.6808501183986664,
        1.6943023800849915,
        1.7563363313674927,
        1.6063463985919952,
        1.6570340692996979,
        1.5762827694416046,
        1.65454763174057,
        1.618033766746521,
        1.640865832567215,
        1.6505067944526672,
        1.6202497482299805,
        1.659583330154419,
        1.6426505148410797,
        1.6806116700172424,
        1.784127116203308,
        1.7012520730495453,
        1.6671172678470612,
        1.6769257187843323
    ]
}