{
    "train_loss": [
        1.856263355775313,
        1.8106046373193914,
        1.7849194244904951,
        1.7612969983707776,
        1.7370049086484043,
        1.7120259675112637,
        1.6859756057912654,
        1.6611571853811091,
        1.635982957753268,
        1.6120153882286765,
        1.5887849222530017,
        1.5629493323239414,
        1.5366584604436702,
        1.5174649953842163,
        1.4951016035946934,
        1.4756657860495828,
        1.4589528495615178,
        1.4427380995316939,
        1.4282872893593528,
        1.414872873913158,
        1.398142316124656,
        1.3892971277236938,
        1.3714399988001043,
        1.3570052818818525,
        1.347685239531777,
        1.3378460732373325,
        1.3209206624464556,
        1.3087804100730203,
        1.3091448653828015,
        1.292673945426941,
        1.2837867953560569,
        1.287366812879389,
        1.2659589539874683,
        1.252086796543815,
        1.244492227380926,
        1.2246542085300793,
        1.2132008292458274,
        1.2086642980575562,
        1.1991099119186401,
        1.1910080151124434,
        1.2008509690111333,
        1.171603728424419,
        1.1643279249017888,
        1.200173562223261,
        1.2060318968512795,
        1.1710410497405312,
        1.1514536142349243,
        1.1388850645585493,
        1.116887553171678,
        1.1007810072465376,
        1.0897676944732666,
        1.0814432230862705,
        1.0788290663198992,
        1.0687659111889927,
        1.0627511793916875,
        1.0523323091593655,
        1.0455456430261785,
        1.038910909132524,
        1.063124873421409,
        1.0389449488032947
    ],
    "val_loss": [
        1.8329870104789734,
        1.8210361897945404,
        1.7423741221427917,
        1.6629109382629395,
        1.6121208369731903,
        1.574070155620575,
        1.549537479877472,
        1.520404189825058,
        1.5092844069004059,
        1.4819278120994568,
        1.4859934449195862,
        1.4669645875692368,
        1.471940964460373,
        1.4659812152385712,
        1.4831402003765106,
        1.4840088784694672,
        1.484555035829544,
        1.4783012866973877,
        1.479876458644867,
        1.4789541363716125,
        1.4879547953605652,
        1.4661304950714111,
        1.4768952131271362,
        1.4802683889865875,
        1.4765672087669373,
        1.4659452438354492,
        1.4968273639678955,
        1.4390605241060257,
        1.4882159531116486,
        1.5210198163986206,
        1.5275778472423553,
        1.4307041764259338,
        1.4577078223228455,
        1.5017842650413513,
        1.4468362927436829,
        1.4574791491031647,
        1.4623459875583649,
        1.4317152500152588,
        1.48063525557518,
        1.4536091685295105,
        1.4822061955928802,
        1.497031182050705,
        1.528070092201233,
        1.476780816912651,
        1.5831452012062073,
        1.4635565429925919,
        1.4760331511497498,
        1.5166004002094269,
        1.4746706783771515,
        1.4981320649385452,
        1.4986575543880463,
        1.471862941980362,
        1.5157262682914734,
        1.4699645042419434,
        1.505277693271637,
        1.4616502821445465,
        1.5529214143753052,
        1.4681534618139267,
        1.5225964188575745,
        1.5817362070083618
    ]
}