{
    "train_loss": [
        1.7997612953186035,
        1.7544501586393877,
        1.7315166321667759,
        1.7095517245205967,
        1.6890010833740234,
        1.6687672571702437,
        1.6482093225825916,
        1.6279094219207764,
        1.6071973063729026,
        1.5866437933661721,
        1.565514401956038,
        1.5456965294751255,
        1.5224067839709194,
        1.4969648773019963,
        1.4723198413848877,
        1.4503728259693494,
        1.4270984151146628,
        1.4021682847629895,
        1.3818072297356345,
        1.3662146654996006,
        1.3438615798950195,
        1.335327766158364,
        1.3204648007046094,
        1.3029782284389844,
        1.2858249924399636,
        1.2866215976801785,
        1.2646736936135725,
        1.250745789571242,
        1.2459628907116977,
        1.223272366957231,
        1.2191642956300215,
        1.2025829661976208,
        1.1972149773077532,
        1.1884336796673862,
        1.1709384755654768,
        1.1512293219566345,
        1.1517277847636829,
        1.1330671852285212,
        1.127502891150388,
        1.1447348540479487,
        1.1139109351418235,
        1.1090549934994092,
        1.1023027084090493,
        1.0866371501575818,
        1.096939200704748,
        1.071766116402366,
        1.0465119914575056,
        1.0296134786172346,
        1.0238182219592007,
        1.0247157649560408,
        1.0162002010778948,
        1.0004827325994319,
        0.9873895211653276,
        0.98686913468621,
        0.9754671291871504,
        0.9812874468890104,
        1.038541479544206,
        0.9861845645037565,
        0.9841613932089373,
        0.9733862226659601
    ],
    "val_loss": [
        1.7851333022117615,
        1.7611020803451538,
        1.6912181973457336,
        1.6251049637794495,
        1.5844341218471527,
        1.5623868703842163,
        1.5487356185913086,
        1.5357312858104706,
        1.5259516388177872,
        1.5213453024625778,
        1.50820492208004,
        1.5075026452541351,
        1.4959481060504913,
        1.498435989022255,
        1.503753811120987,
        1.5094551146030426,
        1.518658995628357,
        1.5246646404266357,
        1.5257539749145508,
        1.5055182874202728,
        1.5492234230041504,
        1.5102446377277374,
        1.5401499569416046,
        1.5467963218688965,
        1.5358832478523254,
        1.515305683016777,
        1.56850004196167,
        1.5415098071098328,
        1.5222012102603912,
        1.550923377275467,
        1.518445372581482,
        1.5299594104290009,
        1.5472825765609741,
        1.513165906071663,
        1.5634264647960663,
        1.5280135124921799,
        1.537494495511055,
        1.599754512310028,
        1.5509386658668518,
        1.5655375123023987,
        1.5607410371303558,
        1.5523529648780823,
        1.604160487651825,
        1.6015321016311646,
        1.5877472311258316,
        1.5849712491035461,
        1.6112167239189148,
        1.5626688450574875,
        1.6402853727340698,
        1.5523212254047394,
        1.6547814905643463,
        1.6202911734580994,
        1.6756971776485443,
        1.6639273166656494,
        1.6900311410427094,
        1.7265772223472595,
        1.6880689859390259,
        1.6935292780399323,
        1.6583757102489471,
        1.7034801244735718
    ]
}