model,dataset,exp,avg loss,acc,f1,recall,precision
MLP_finetuning_and_one_domain,Fragment,0,0.1901840490797546,0.1066193090087181,0.16120857699805066,0.1901840490797546,10.180960178375244
MLP_finetuning_and_one_domain,Fragment,1,0.147239263803681,0.06522788099298389,0.09542419801335288,0.147239263803681,11.205642541249594
MLP_finetuning_and_one_domain,Fragment,2,0.1656441717791411,0.0826276760456805,0.1232764073371284,0.1656441717791411,10.2336212793986
MLP_finetuning_and_one_domain,Fragment,3,0.1411042944785276,0.05723374887442475,0.08269849331301844,0.1411042944785276,12.406578858693441
MLP_finetuning_and_one_domain,Fragment,4,0.17791411042944785,0.08147351488852313,0.12088414634146342,0.17791411042944785,10.39457893371582
