{
    "train_losses": [
        11.511926976117222,
        4.004957762631503,
        3.7980559305711226,
        3.669837778264826,
        3.5411188168959185,
        3.3739988153631035,
        3.072883519259366,
        2.7148933085528286,
        2.5361838124015113,
        2.167290590026162,
        2.1044964248483833,
        1.8823276974938132,
        1.9804633205587214,
        1.6920508471402256,
        1.3773344538428567,
        1.2825581160458652,
        1.2645850398323752,
        1.582876368002458,
        1.8966409347274087,
        1.5987965193661777,
        1.147383532740853,
        1.5194209597327493,
        1.6013598983938044,
        1.6707375916567715,
        1.3915513320402666,
        1.1014526865699075,
        1.5294528982856057,
        1.0591263879429211,
        1.095644013448195,
        1.2720889828421853,
        1.008958794853904,
        1.2699640068140896,
        0.8110091848806902,
        0.8579148270867087,
        0.6900352727283131,
        0.8787687095728788,
        0.7011011649261821,
        0.9748149893500588,
        1.1506116390228271,
        1.0743601891127499,
        1.0738355950875715,
        0.7532909268682654,
        0.6904792460528287,
        0.9093599129806865,
        0.951544544913552,
        0.9315001585266807,
        0.6414513181556355,
        0.5518315271897749,
        0.8736707893284884,
        1.4304966601458462,
        0.6906653398817236,
        0.6448450630361383,
        0.5631857812404633,
        0.7018798860636625,
        0.7721152576533231,
        0.5830633450638164,
        0.6098198186267506,
        0.6830394538966092,
        1.079779562625018,
        0.7166190282865004
    ],
    "val_losses": [
        0.19494129220644632,
        0.1722206175327301,
        0.1740067501862844,
        0.2890112102031708,
        0.18833894034226736,
        0.18858116368452707,
        0.15506777167320251,
        0.20949574808279672,
        0.14762055377165476,
        0.26287731279929477,
        0.19598652919133505,
        0.15878047049045563,
        0.4142279326915741,
        0.14853294690450033,
        0.17333840827147165,
        0.19989899545907974,
        0.19753151635328928,
        0.6500069399674734,
        0.186048224568367,
        0.17659098406632742,
        0.17439735929171243,
        0.177105446656545,
        0.18534981707731882,
        0.20123699307441711,
        0.1944267898797989,
        0.16705224414666495,
        0.18188789238532385,
        0.15996294716993967,
        0.1785688449939092,
        0.1612672060728073,
        0.19322009881337485,
        0.16302159428596497,
        0.186653271317482,
        0.17208707829316458,
        0.17933547496795654,
        0.16256478428840637,
        0.16495753824710846,
        0.16080244382222494,
        0.19500431915124258,
        0.1897150178750356,
        0.17971267302831015,
        0.20481204489866892,
        0.17769859234491983,
        0.1775790105263392,
        0.18453589578469595,
        0.18361754715442657,
        0.16342557966709137,
        0.16104314227898917,
        0.1775901714960734,
        0.1784378613034884,
        0.16351316372553507,
        0.15842192620038986,
        0.18424991269906363,
        0.21509153892596564,
        0.16765395800272623,
        0.1649941255648931,
        0.17683087289333344,
        0.3221610089143117,
        0.15326649447282156,
        0.2356878419717153
    ],
    "best_epoch": 8,
    "time": 159.274577
}