{"train_losses": [10.466442584991455, 9.868673706054688, 9.482500743865966, 9.694482517242431, 9.511495876312257, 8.937919330596923, 9.065141677856445, 8.854991912841797, 8.449042701721192, 8.811671924591064, 8.845627880096435, 9.033918094635009, 8.422128295898437, 8.974615716934204, 8.82556791305542, 8.533117008209228, 8.530493450164794, 8.653935432434082, 8.709928274154663, 8.469293642044068, 9.218962574005127, 8.322181510925294, 8.81022777557373, 8.70433006286621, 8.274041795730591, 8.221725273132325, 8.434098052978516, 8.285090589523316, 8.708792734146119, 8.73711519241333, 8.7757089138031, 8.687641620635986, 8.055107736587525, 7.7721967697143555, 8.125066757202148, 8.034840202331543, 8.127570390701294, 7.97216305732727, 8.114166069030762, 8.151522254943847, 8.679802846908569, 8.246054887771606, 7.776982259750366, 8.449381399154664, 8.831247711181641, 7.930485630035401, 8.618324565887452, 8.03586540222168, 7.853586339950562, 7.950261640548706, 8.133904457092285, 7.759285545349121, 7.573515129089356, 7.762490606307983, 7.877255249023437, 7.805973958969116, 7.620864391326904, 7.634602689743042, 7.9129403591156, 7.845259284973144], "val_losses": [13.113532543182373, 12.346914291381836, 12.055461883544922, 12.248966693878174, 11.668334484100342, 11.50423812866211, 11.682998657226562, 11.862875938415527, 11.652849674224854, 11.489177227020264, 11.627113819122314, 11.942699909210205, 11.626365661621094, 11.393988609313965, 11.53719425201416, 11.093022346496582, 11.675117492675781, 11.151073932647705, 11.305468082427979, 11.58059310913086, 11.775103569030762, 11.989110946655273, 11.962799072265625, 11.278632164001465, 11.4160475730896, 11.63744306564331, 12.330796241760254, 11.404480457305908, 11.335073471069336, 11.526029109954834, 11.281713485717773, 11.295881271362305, 11.682183742523193, 12.15223217010498, 11.758382320404053, 11.793416023254395, 12.085201740264893, 11.879629611968994, 11.59127426147461, 11.73473072052002, 11.421657085418701, 11.716320037841797, 11.511725425720215, 11.193106651306152, 11.81678056716919, 11.762334823608398, 11.532088279724121, 11.763911724090576, 12.238051891326904, 12.007669448852539, 11.89089822769165, 11.907867431640625, 11.328687191009521, 11.572949409484863, 11.71221399307251, 11.998900413513184, 11.58074426651001, 11.855195045471191, 11.949020385742188, 11.975857257843018], "repr_shape": [320, 92], "best_epoch": 15, "time": 56.015567}