{"train_losses": [2.331563538899411, 1.3620922586374116, 1.1389760506416804, 1.0513225980245093, 0.9861284163414659, 0.9114187115208053, 0.9050123549480642, 0.8363248090722195, 0.8622017606217656, 0.8044683722755002, 0.8104330432906031, 0.7846312416727356, 0.7744155949213231, 0.7495842419854564, 0.7436333221392628, 0.740453595018496, 0.7240947221045636, 0.7180895304107011, 0.6892019485945378, 0.6999667288691465, 0.6610804029905915, 0.6859905377405459, 0.6556640721567708, 0.6628258457900367, 0.6463113055258285, 0.646854469514275, 0.6428225226842385, 0.6343957262808453, 0.6238840341249738, 0.6366969213332956], "val_losses": [1.128182441630262, 1.1362855745122789, 1.0976131843759658, 1.1161722477446212, 1.119593897398482, 1.1667805897428634, 1.1331236863389929, 1.162584252814029, 1.1395395138162248, 1.1303192193203784, 1.199156475828049, 1.2165447162820937, 1.1976112767736962, 1.233223794622624, 1.244001252220032, 1.202417362877663, 1.202505052723783, 1.285695031602332, 1.2790349100498444, 1.248593344967416, 1.282538226944335, 1.269055869351042, 1.2948255976463885, 1.3282800361197045, 1.3014083073494283, 1.327066405022398, 1.3810376271288445, 1.3380605172603688, 1.3498104423918622, 1.3942333282308375], "best_epoch": 2, "time": 8568.324198}