{"_step":7951,"train_loss/run_0":0.560665459964763,"val_loss/run_0":2.3963611920674643,"step/run_0":7950,"_wandb":{"runtime":465},"UMAP SSL BEFORE MLP_linearprobing_and_four_domains":{"size":49460,"path":"media/plotly/UMAP SSL BEFORE MLP_linearprobing_and_four_domains_0_f99e83cecb33e4644d0d.plotly.json","_type":"plotly-file","sha256":"f99e83cecb33e4644d0d3c89d5167f10e9128ee42bdb29bdbb983cef44478a83"},"_timestamp":1.7442397881619303e+09,"_runtime":465.734173626}