model,dataset,exp,avg loss,acc,f1,recall,precision
MLP_finetuning_and_one_domain,Fragment,0,0.6809815950920245,0.6780143406129503,0.6140969927391038,0.6809815950920245,1.8605765501658122
MLP_finetuning_and_one_domain,Fragment,1,0.6319018404907976,0.6374170116113057,0.5718133858382922,0.6319018404907976,1.5814069906870525
MLP_finetuning_and_one_domain,Fragment,2,0.6993865030674846,0.7071824307755737,0.650950610052842,0.6993865030674846,1.5398253202438354
MLP_finetuning_and_one_domain,Fragment,3,0.7055214723926381,0.6986520363563993,0.6444995060900759,0.7055214723926381,1.3930898507436116
MLP_finetuning_and_one_domain,Fragment,4,0.7116564417177914,0.7146999942548093,0.6711902651155467,0.7116564417177914,1.4991664091746013
