model,dataset,exp,avg loss,acc,f1,recall,precision
MLP_finetuning_and_four_domains,Fragment,0,1.2224489251772563,0.6012269938650306,0.572697213932556,0.44030107940972923,0.6012269938650306
MLP_finetuning_and_four_domains,Fragment,1,1.2050752242406209,0.6687116564417178,0.6451634951021453,0.5154139854139854,0.6687116564417178
MLP_finetuning_and_four_domains,Fragment,2,1.2194088697433472,0.6257668711656442,0.584632138782265,0.4390621905327788,0.6257668711656442
MLP_finetuning_and_four_domains,Fragment,3,1.2067173719406128,0.6441717791411042,0.6174297914918943,0.47682642983154483,0.6441717791411042
MLP_finetuning_and_four_domains,Fragment,4,1.2045721411705017,0.6257668711656442,0.5835794338185173,0.438494008714597,0.6257668711656442
