model,dataset,exp,avg loss,acc,f1,recall,precision
MLP_finetuning_and_one_domain,Fragment,0,0.6993865030674846,0.7026035008504913,0.6281002095245828,0.6993865030674846,1.313834508260091
MLP_finetuning_and_one_domain,Fragment,1,0.6932515337423313,0.7020469875805406,0.6697512698533569,0.6932515337423313,1.4646912813186646
MLP_finetuning_and_one_domain,Fragment,2,0.6687116564417178,0.6779875080011067,0.6070269649863999,0.6687116564417178,1.7660954395929973
MLP_finetuning_and_one_domain,Fragment,3,0.6441717791411042,0.6570905729900066,0.5947991932420648,0.6441717791411042,1.7838497559229534
MLP_finetuning_and_one_domain,Fragment,4,0.6441717791411042,0.651370536869568,0.5736130223586559,0.6441717791411042,1.8873733282089233
