{"train_losses": [2.3309735495747725], "val_losses": [1.1281600195042631], "best_epoch": 0, "time": 300.222683}