{"train_losses": [8.791539371286639], "val_losses": [13.44577952354185]}