model,dataset,exp,avg loss,acc,f1,recall,precision
MLP_finetuning_and_four_domains,Fragment,0,1.8078326781590779,0.26993865030674846,0.16320676504725584,0.08938223938223938,0.26993865030674846
MLP_finetuning_and_four_domains,Fragment,1,1.784250259399414,0.3496932515337423,0.21506950293477278,0.1578496466052688,0.3496932515337423
MLP_finetuning_and_four_domains,Fragment,2,1.792537530263265,0.3128834355828221,0.16980608564293861,0.08542713567839195,0.3128834355828221
MLP_finetuning_and_four_domains,Fragment,3,1.7715191841125488,0.3006134969325153,0.19366147408894294,0.1300563236047107,0.3006134969325153
MLP_finetuning_and_four_domains,Fragment,4,1.7944401502609253,0.2822085889570552,0.15791983216249722,0.07944732297063903,0.2822085889570552
