model,dataset,exp,avg loss,acc,f1,recall,precision
MLP_finetuning_and_four_domains,Fragment,0,1.8884902000427246,0.20245398773006135,0.1596801543057377,0.17749243348114266,0.20245398773006135
MLP_finetuning_and_four_domains,Fragment,1,1.8291897773742676,0.2085889570552147,0.1738292462030789,0.1915948158104667,0.2085889570552147
MLP_finetuning_and_four_domains,Fragment,2,1.8953368663787842,0.17177914110429449,0.12160923781847258,0.1297246740038502,0.17177914110429449
MLP_finetuning_and_four_domains,Fragment,3,1.8794628779093425,0.15950920245398773,0.12059999798523176,0.12437739463601533,0.15950920245398773
MLP_finetuning_and_four_domains,Fragment,4,1.8845400015513103,0.17177914110429449,0.12862657242762154,0.13168445343822113,0.17177914110429449