model,dataset,exp,avg loss,acc,f1,recall,precision
MLP_linearprobing_and_one_domain,Fragment,0,0.6503067484662577,0.6539151420553986,0.5750516614099753,0.6503067484662577,0.8694031735261282
MLP_linearprobing_and_one_domain,Fragment,1,0.6257668711656442,0.63211539307732,0.5626230672311933,0.6257668711656442,0.8952544728914896
MLP_linearprobing_and_one_domain,Fragment,2,0.6196319018404908,0.6235059287081685,0.5550846552086188,0.6196319018404908,0.9178533752759298
MLP_linearprobing_and_one_domain,Fragment,3,0.6196319018404908,0.6261700862654649,0.5453543848981792,0.6196319018404908,0.9140516122182211
MLP_linearprobing_and_one_domain,Fragment,4,0.656441717791411,0.657762704975295,0.5772256728778468,0.656441717791411,0.8133938709894816
