model,dataset,exp,avg loss,acc,f1,recall,precision
MLP_finetuning_and_four_domains,Fragment,0,0.04294478527607362,0.016104294478527608,0.016203703703703703,0.04294478527607362,11.388673464457193
MLP_finetuning_and_four_domains,Fragment,1,0.06134969325153374,0.024172821579352674,0.03039368194328108,0.06134969325153374,10.525154113769531
MLP_finetuning_and_four_domains,Fragment,2,0.09202453987730061,0.039285329889140026,0.05238791423001949,0.09202453987730061,5.7065722942352295
MLP_finetuning_and_four_domains,Fragment,3,0.04294478527607362,0.009202453987730062,0.020833333333333332,0.04294478527607362,9.296841780344645
MLP_finetuning_and_four_domains,Fragment,4,0.06748466257668712,0.023663453111305868,0.023809523809523808,0.06748466257668712,8.420037269592285
