model,dataset,exp,avg loss,acc,f1,recall,precision
MLP_linearprobing_and_one_domain,Fragment,0,1.4559061527252197,0.4539877300613497,0.39636118098404866,0.28870087452674237,0.4539877300613497
MLP_linearprobing_and_one_domain,Fragment,1,1.4386257727940877,0.44171779141104295,0.38602556641366986,0.28197372273459226,0.44171779141104295
MLP_linearprobing_and_one_domain,Fragment,2,1.417116363843282,0.4601226993865031,0.40893154501386875,0.3076926354271892,0.4601226993865031
MLP_linearprobing_and_one_domain,Fragment,3,1.4275625546773274,0.4539877300613497,0.39612484897933575,0.28797598749644787,0.4539877300613497
MLP_linearprobing_and_one_domain,Fragment,4,1.425194223721822,0.4539877300613497,0.39631149793331655,0.29046505841060294,0.4539877300613497
