model,dataset,exp,avg loss,acc,f1,recall,precision
MLP_finetuning_and_one_domain,Fragment,0,0.15950920245398773,0.06765944802754618,0.09892371003482114,0.15950920245398773,8.890305519104004
MLP_finetuning_and_one_domain,Fragment,1,0.147239263803681,0.05958671280136581,0.08615469309110928,0.147239263803681,8.42879088719686
MLP_finetuning_and_one_domain,Fragment,2,0.15337423312883436,0.06687849511995579,0.09821332472285006,0.15337423312883436,8.956382751464844
MLP_finetuning_and_one_domain,Fragment,3,0.13496932515337423,0.04933057655153713,0.07016574585635359,0.13496932515337423,11.7463960647583
MLP_finetuning_and_one_domain,Fragment,4,0.1411042944785276,0.04963747908533184,0.06998556998556998,0.1411042944785276,9.512907187143961
