model,dataset,exp,avg loss,acc,f1,recall,precision
MLP_finetuning_and_four_domains,Fragment,0,0.0736196319018405,0.02912908167821983,0.0423043424163245,0.0736196319018405,6.845609188079834
MLP_finetuning_and_four_domains,Fragment,1,0.03067484662576687,0.01274185936762624,0.012820512820512822,0.03067484662576687,7.159332036972046
MLP_finetuning_and_four_domains,Fragment,2,0.04294478527607362,0.01797597542238244,0.025119287038132418,0.04294478527607362,7.05341362953186
MLP_finetuning_and_four_domains,Fragment,3,0.06134969325153374,0.02405811650980765,0.030484087306426044,0.06134969325153374,10.44629176457723
MLP_finetuning_and_four_domains,Fragment,4,0.09815950920245399,0.0335481866894463,0.03375527426160337,0.09815950920245399,7.859200954437256
