{"train_losses": [11.474369005723434, 4.001281348141757, 3.7934538667852227, 3.6648010340603916, 3.5378039966930044, 3.369198517365889, 3.0623548247597436, 2.6976470297033135, 2.5345902768048374, 2.154738935557279, 2.091387304392728, 1.8766353347084739, 1.9745387597517534, 1.6842071684924038, 1.3715202103961597, 1.2717415636236018, 1.2584285140037537, 1.5714994885704734, 1.9010236642577432, 1.591671185059981, 1.1455002427101135, 1.5188737186518582, 1.5973000472242183, 1.6654692129655317, 1.4037048437378623, 1.1094669428738682, 1.5231152881275525, 1.0596709847450256, 1.0947614528916099, 1.2730337598107078, 1.008822506124323, 1.2692123218016191, 0.8091937791217457, 0.8586018248037859, 0.6851610107855364, 0.8683794140815735, 0.7020522112196143, 0.969658456065438, 1.142806882208044, 1.0647117332978682, 1.0706244111061096, 0.7504601153460416, 0.684419415213845, 0.9033368934284557, 0.94344562292099, 0.9282593131065369, 0.6388910385695371, 0.5500885193998163, 0.8724229417063973, 1.4210620359940962, 0.6920182840390638, 0.6466607288880781, 0.5621123774485155, 0.6999919333241202, 0.7731518826701425, 0.5828182372179899, 0.6084020137786865, 0.6859297400171106, 1.070402367548509, 0.7122539308938113], "val_losses": [0.19176040589809418, 0.16853534678618112, 0.17040506998697916, 0.2848939349253972, 0.18471510708332062, 0.1853685826063156, 0.151070699095726, 0.20566187798976898, 0.14389415085315704, 0.25920145213603973, 0.19269627829392752, 0.1550111547112465, 0.4109816799561183, 0.1447029858827591, 0.16971365610758463, 0.1967108448346456, 0.19386074443658194, 0.6481523762146632, 0.18265244364738464, 0.17313635845979056, 0.17080855866273245, 0.1738808254400889, 0.18197525044282278, 0.19842343032360077, 0.19103682041168213, 0.16346429288387299, 0.1780995453397433, 0.15594089527924856, 0.17484528571367264, 0.1575897385676702, 0.1899259885152181, 0.15971664090951285, 0.1831227789322535, 0.1683361977338791, 0.1756995270649592, 0.15897839764753977, 0.16144515325625738, 0.15710051854451498, 0.19121070702870688, 0.1862426499525706, 0.1763650377591451, 0.2012223700682322, 0.1737617552280426, 0.17429636418819427, 0.18072426815827689, 0.17972120145956674, 0.15979568163553873, 0.15749981502691904, 0.17405661940574646, 0.17509198685487112, 0.15985442698001862, 0.1544574648141861, 0.18066313366095224, 0.21142791956663132, 0.16417602698008218, 0.16092709451913834, 0.1731243630250295, 0.3181394934654236, 0.1497392108043035, 0.23194449643294016], "best_epoch": 8, "time": 109.277435}