model,dataset,exp,avg loss,acc,f1,recall,precision
MLP_finetuning_and_one_domain,Fragment,0,0.1411042944785276,0.048537287846047335,0.06831134994300603,0.1411042944785276,11.74450715382894
MLP_finetuning_and_one_domain,Fragment,1,0.1411042944785276,0.04908857132361044,0.06858283433133733,0.1411042944785276,7.528647263844808
MLP_finetuning_and_one_domain,Fragment,2,0.1411042944785276,0.046548981814477905,0.06492124308216263,0.1411042944785276,9.324278354644775
MLP_finetuning_and_one_domain,Fragment,3,0.13496932515337423,0.04112484222267884,0.05608718766613504,0.13496932515337423,9.934515317281088
MLP_finetuning_and_one_domain,Fragment,4,0.1901840490797546,0.08726374360784256,0.12913096695226436,0.1901840490797546,7.037565549214681
