model,dataset,exp,avg loss,acc,f1,recall,precision
MLP_linearprobing_and_one_domain,Fragment,0,1.2293943762779236,0.558282208588957,0.46002389961059637,0.30226420752736544,0.558282208588957
MLP_linearprobing_and_one_domain,Fragment,1,1.2321597337722778,0.5460122699386503,0.42888608061994765,0.26617396269802684,0.5460122699386503
MLP_linearprobing_and_one_domain,Fragment,2,1.2522306044896443,0.5276073619631901,0.3892201548828321,0.23143169398907104,0.5276073619631901
MLP_linearprobing_and_one_domain,Fragment,3,1.2182090679804485,0.558282208588957,0.4501372228546534,0.2851944381356146,0.558282208588957
MLP_linearprobing_and_one_domain,Fragment,4,1.2430845697720845,0.5460122699386503,0.42735712203628484,0.2657142416103238,0.5460122699386503
