model,dataset,exp,avg loss,acc,f1,recall,precision
MLP_finetuning_and_one_domain,Fragment,0,0.5828220858895705,0.5181599941802663,0.37150856389986825,0.5828220858895705,0.9648151397705078
MLP_finetuning_and_one_domain,Fragment,1,0.6257668711656442,0.5381258044993956,0.39604709728256243,0.6257668711656442,0.8752661148707072
MLP_finetuning_and_one_domain,Fragment,2,0.5766871165644172,0.5305888276811966,0.4207036795712698,0.5766871165644172,0.8705267608165741
MLP_finetuning_and_one_domain,Fragment,3,0.3496932515337423,0.25704784552628984,0.2345318376537702,0.3496932515337423,1.3832419017950695
MLP_finetuning_and_one_domain,Fragment,4,0.6441717791411042,0.5613982152816509,0.42353030303030303,0.6441717791411042,0.8082759976387024
