{
    "train_loss": [
        1.8379296497865156,
        1.766917889768427,
        1.7376174601641567,
        1.7164640751751987,
        1.689602624286305,
        1.659091505137357,
        1.6374422962015325,
        1.5903825976631858,
        1.5146431706168435,
        1.393281416459517,
        1.2464350299401716,
        1.157712611285123,
        1.0873490165580402,
        1.0563695999709042,
        1.0068735019727186,
        0.9848059144887057,
        0.9839744784615256,
        0.9683907194571062,
        0.8885166997259314,
        0.9145309870893304,
        0.951514485207471,
        0.8565520197153091,
        0.8449051244692369,
        0.957207200202075,
        0.9073985689742998,
        1.0454649139534344,
        0.8326018770987337,
        0.7287898700345646,
        0.819181501865387,
        0.7439109500158917
    ],
    "val_loss": [
        1.7785345613956451,
        1.7468882203102112,
        1.7114814817905426,
        1.6702005565166473,
        1.6312094032764435,
        1.5950268507003784,
        1.5550647377967834,
        1.4946432411670685,
        1.3907056748867035,
        1.241340309381485,
        1.0966703742742538,
        1.0241225510835648,
        0.9920944049954414,
        0.9625058695673943,
        0.940514974296093,
        0.9413084387779236,
        0.9081932604312897,
        0.9084553122520447,
        0.9772591441869736,
        0.9148951172828674,
        0.9319489598274231,
        0.9521972090005875,
        1.0123785585165024,
        1.1611971901729703,
        1.1858671307563782,
        0.9628204703330994,
        0.8723920062184334,
        0.9610794112086296,
        1.0132553856819868,
        0.9291667938232422
    ]
}