{
    "train_loss": [
        1.8244761987165972,
        1.7466480731964111,
        1.7206625504927202,
        1.6981865167617798,
        1.6777231693267822,
        1.652505408633839,
        1.6268159042705188,
        1.5861687064170837,
        1.5114259394732388,
        1.3913729136640376,
        1.2584579722447828,
        1.1580875976519152,
        1.0921939177946611,
        1.042658193544908,
        1.0283358638936824,
        0.9986458366567438,
        0.9622061333873055,
        0.921650929884477,
        0.9356534751978788,
        0.902843407609246,
        0.824218980290673,
        0.8999988219954751,
        0.9676578586751764,
        0.883453060280193,
        0.7994249734011564,
        1.0322972671552137,
        1.0502563364465127,
        0.982149067250165,
        0.7877678789875724,
        0.8408546799963171
    ],
    "val_loss": [
        1.7675626277923584,
        1.7324619889259338,
        1.693452775478363,
        1.6544301509857178,
        1.6212678849697113,
        1.591399759054184,
        1.5536474287509918,
        1.4898878186941147,
        1.3885193318128586,
        1.2466172575950623,
        1.0989375188946724,
        1.0196690186858177,
        0.9880088791251183,
        0.9688393622636795,
        0.9413010254502296,
        0.9265312701463699,
        0.9203588888049126,
        0.925744503736496,
        0.8928449973464012,
        0.966251764446497,
        1.0260304510593414,
        0.9731075093150139,
        1.03007941134274,
        1.0034104883670807,
        1.1369225829839706,
        1.4123017047531903,
        1.023259237408638,
        1.2325023412704468,
        0.8969571068882942,
        1.2454847823828459
    ]
}