{
    "train_loss": [
        1.8350891416723079,
        1.7516950260509143,
        1.7255532958290793,
        1.701384110884233,
        1.6788430539044468,
        1.6576128981330178,
        1.6374517679214478,
        1.5956186218695207,
        1.5267007838595996,
        1.3919453620910645,
        1.2643670548092236,
        1.1678023690527135,
        1.0825961909510873,
        1.0588783567601985,
        1.0256400379267605,
        0.9787145717577501,
        0.9550508856773376,
        0.9525586908513849,
        0.9242834557186473,
        0.8670095801353455,
        0.8652429255572233,
        0.8780120313167572,
        0.8705762015147642,
        0.7457528683272275,
        0.935827225446701,
        0.9656524170528759,
        0.8575889278541912,
        0.91896406899799,
        0.7845522910356522,
        0.7862248391928998
    ],
    "val_loss": [
        1.7745059430599213,
        1.7413553595542908,
        1.7065640091896057,
        1.6693256795406342,
        1.633617490530014,
        1.6006220579147339,
        1.5649757087230682,
        1.507686734199524,
        1.3982649892568588,
        1.2309627532958984,
        1.0755123123526573,
        1.0193124040961266,
        0.9909316375851631,
        0.9633736684918404,
        0.936848521232605,
        0.9219446107745171,
        0.9031156376004219,
        0.9022800400853157,
        0.8874402567744255,
        0.8873764127492905,
        0.8955627828836441,
        0.8571422770619392,
        1.0109753645956516,
        1.0709006488323212,
        0.8894496336579323,
        1.1657034531235695,
        0.9650188833475113,
        0.8894594609737396,
        1.0823973156511784,
        1.30455881357193
    ]
}