{
    "train_loss": [
        1.8340001756494695,
        1.7591657855293967,
        1.733453544703397,
        1.7044379927895286,
        1.683818437836387,
        1.662755391814492,
        1.6372233520854602,
        1.6055409799922595,
        1.5448066538030452,
        1.4319050853902644,
        1.2947628064589067,
        1.1993316628716209,
        1.1013866039839657,
        1.0660298060287128,
        1.0274758366021244,
        1.0136254782026464,
        0.9718266373330896,
        0.9354869560761885,
        0.9067307846112684,
        0.9241773784160614,
        0.8833727023818276,
        0.8189483271403746,
        0.871431288394061,
        0.9152790389277718,
        0.8448164151473478,
        0.7348862866109068,
        1.2130510210990906,
        1.0380917123772881,
        0.8142979551445354,
        0.7456330386075106
    ],
    "val_loss": [
        1.7791888415813446,
        1.7459957301616669,
        1.7096762955188751,
        1.6718051135540009,
        1.6381971538066864,
        1.6090126037597656,
        1.5745504200458527,
        1.5198184251785278,
        1.422563835978508,
        1.2691825479269028,
        1.1061367392539978,
        1.027790017426014,
        0.9907185584306717,
        0.9646907597780228,
        0.9394117519259453,
        0.9229168966412544,
        0.9114797115325928,
        0.9049676358699799,
        0.8906820118427277,
        0.8760388046503067,
        0.8946727067232132,
        0.9357708245515823,
        0.8964611664414406,
        0.8944026101380587,
        1.1348675303161144,
        1.378150299191475,
        1.0760035132989287,
        0.8854711726307869,
        0.9920238330960274,
        0.8902458399534225
    ]
}