{
    "train_loss": [
        1.83020480112596,
        1.7623252543536099,
        1.7338531775908037,
        1.7120262492786755,
        1.6835827827453613,
        1.6670772270722822,
        1.6423166773535989,
        1.610840450633656,
        1.552764431996779,
        1.4501836191524158,
        1.2954484928737988,
        1.198206820271232,
        1.100475243546746,
        1.0516042113304138,
        1.0204963927919215,
        0.9937902336770837,
        0.9748173274777152,
        0.9558871496807445,
        0.8996965234929865,
        0.9186057123270902,
        0.9492042308503931,
        0.8363049775362015,
        0.8430754352699626,
        0.9866148693995043,
        0.8740898668766022,
        0.863412699916146,
        0.9473845308477228,
        1.0264966373585842,
        1.3831666166132146,
        1.0302118401635776
    ],
    "val_loss": [
        1.7813868522644043,
        1.7488921284675598,
        1.7093918025493622,
        1.6688133478164673,
        1.6337312757968903,
        1.6065357625484467,
        1.5774145424365997,
        1.5289550721645355,
        1.4409897029399872,
        1.2905594855546951,
        1.1202201172709465,
        1.031053051352501,
        0.9952070489525795,
        0.9712516590952873,
        0.941889151930809,
        0.9411300271749496,
        0.91499213129282,
        0.9088780879974365,
        0.9352891594171524,
        0.8801834434270859,
        0.9428429789841175,
        0.9321705549955368,
        1.0419480800628662,
        0.985830127261579,
        0.9983101338148117,
        0.9360206574201584,
        1.4818651773966849,
        1.3259454369544983,
        1.4373325109481812,
        0.9100176021456718
    ]
}