model,dataset,exp,avg loss,acc,f1,recall,precision
MLP_finetuning_and_one_domain,Fragment,0,0.294478527607362,0.24823597455176402,0.21521110468478888,0.294478527607362,7.659747123718262
MLP_finetuning_and_one_domain,Fragment,1,0.15950920245398773,0.07459750608051693,0.11039201183431953,0.15950920245398773,8.921305656433105
MLP_finetuning_and_one_domain,Fragment,2,0.15337423312883436,0.0703476482617587,0.1037037037037037,0.15337423312883436,9.74404525756836
MLP_finetuning_and_one_domain,Fragment,3,0.1411042944785276,0.055042291356590556,0.07914201183431953,0.1411042944785276,10.458854039510092
MLP_finetuning_and_one_domain,Fragment,4,0.13496932515337423,0.03882346488650699,0.05257556406981695,0.13496932515337423,11.11805534362793
