{"UMAP mlp BEFORE FCN_finetuning_and_one_domain":{"size":49434,"path":"media/plotly/UMAP mlp BEFORE FCN_finetuning_and_one_domain_538_7931a6c6dd2f46d0e20e.plotly.json","_type":"plotly-file","sha256":"7931a6c6dd2f46d0e20e0eae80722022db7d69fa684bc7d751c097e7281e4244"},"UMAP SSL BEFORE FCN_finetuning_and_one_domain":{"path":"media/plotly/UMAP SSL BEFORE FCN_finetuning_and_one_domain_486_1ab17b649c46274a8f52.plotly.json","_type":"plotly-file","sha256":"1ab17b649c46274a8f521713222c87fe8ee8401008bd8f80415305af9dfa8b1c","size":49121},"val_loss/run_2":1.3697866598765056,"val_loss/run_0":1.33890700340271,"step/run_1":49,"step/run_9":49,"UMAP SSL AFTER FCN_finetuning_and_one_domain":{"sha256":"8d3b858824042dde7a75968eec15f6236e0b6ad5fff1a6250f03b074bc7f81ed","size":49240,"path":"media/plotly/UMAP SSL AFTER FCN_finetuning_and_one_domain_537_8d3b858824042dde7a75.plotly.json","_type":"plotly-file"},"_timestamp":1.7441552757340362e+09,"val_loss/run_1":1.3070667187372844,"train_loss/run_6":1.0322543599388816,"step/run_8":49,"train_loss/run_9":0.992847128347917,"step/run_0":49,"_step":539,"train_loss/run_4":1.1217820102518254,"train_loss/run_7":1.0115149508823047,"train_loss/run_2":1.240549997849898,"train_loss/run_3":1.1341213204643943,"val_loss/run_6":1.2992091576258342,"umap_after":{"sha256":"8d3b858824042dde7a75968eec15f6236e0b6ad5fff1a6250f03b074bc7f81ed","size":49240,"path":"media/plotly/umap_after_539_8d3b858824042dde7a75.plotly.json","_type":"plotly-file"},"step/run_4":49,"val_loss/run_3":1.3109920024871826,"train_loss/run_1":1.2405241836201062,"val_loss/run_9":1.9994794925053914,"val_loss/run_7":1.9987253745396931,"train_loss/run_8":0.977452511137182,"val_loss/run_4":1.9488499959309895,"step/run_3":49,"step/run_5":49,"_wandb":{"runtime":172},"umap_mlp_after":{"path":"media/plotly/umap_mlp_after_539_7931a6c6dd2f46d0e20e.plotly.json","_type":"plotly-file","sha256":"7931a6c6dd2f46d0e20e0eae80722022db7d69fa684bc7d751c097e7281e4244","size":49434},"val_loss/run_5":1.3130525350570679,"step/run_7":49,"_runtime":171.956863902,"umap_before":{"sha256":"1ab17b649c46274a8f521713222c87fe8ee8401008bd8f80415305af9dfa8b1c","size":49121,"path":"media/plotly/umap_before_539_1ab17b649c46274a8f52.plotly.json","_type":"plotly-file"},"step/run_6":49,"train_loss/run_0":1.3189214251258157,"val_loss/run_8":1.276454210281372,"step/run_2":49,"train_loss/run_5":1.103383649479259}