model,dataset,exp,avg loss,acc,f1,recall,precision
MLP_finetuning_and_one_domain,Fragment,0,1.5778414805730183,0.38650306748466257,0.275883165599677,0.1645710832076548,0.38650306748466257
MLP_finetuning_and_one_domain,Fragment,1,1.5968759059906006,0.4049079754601227,0.2984587060892189,0.1805091344713986,0.4049079754601227
MLP_finetuning_and_one_domain,Fragment,2,1.5836354494094849,0.38650306748466257,0.26997119656311536,0.14986737400530503,0.38650306748466257
MLP_finetuning_and_one_domain,Fragment,3,1.6022579669952393,0.3803680981595092,0.2563771391669357,0.15350877192982457,0.3803680981595092
MLP_finetuning_and_one_domain,Fragment,4,1.586753010749817,0.4110429447852761,0.31361642821457086,0.23331338295988727,0.4110429447852761
