{
    "train_loss": [
        1.7778631015257402,
        1.736423589966514,
        1.7175602045926182,
        1.7002914060245862,
        1.6819990223104304,
        1.6637847857041792,
        1.6446876959367231,
        1.6260709979317405,
        1.6052526452324607,
        1.5818892175501043,
        1.5600609454241665,
        1.536472743207758,
        1.5113569172945889,
        1.4889282313260166,
        1.464492060921409,
        1.4430007392709905,
        1.4239945194937966,
        1.4003195437518032,
        1.3822906884280117,
        1.3728482289747759,
        1.3587407198819248,
        1.340456030585549,
        1.3447694344954058,
        1.32338547706604,
        1.31999225508083,
        1.3314287066459656,
        1.2834784280170093,
        1.2676420645280317,
        1.2501678304238752,
        1.24013521454551
    ],
    "val_loss": [
        1.7631482481956482,
        1.7188808619976044,
        1.6560097336769104,
        1.6021445393562317,
        1.56948783993721,
        1.5471624433994293,
        1.5291811525821686,
        1.5188906788825989,
        1.5113495290279388,
        1.5082760751247406,
        1.5039218962192535,
        1.50581294298172,
        1.504084974527359,
        1.5052810311317444,
        1.5062903761863708,
        1.5092326998710632,
        1.511240690946579,
        1.5187451839447021,
        1.5017167329788208,
        1.5292420387268066,
        1.5277696549892426,
        1.5353297293186188,
        1.528447151184082,
        1.5661548376083374,
        1.5841355919837952,
        1.547501027584076,
        1.5754944682121277,
        1.5876964628696442,
        1.5712801814079285,
        1.6048114895820618
    ]
}