{
    "train_loss": [
        1.7471453818407925,
        1.710915738886053,
        1.6949308677153154,
        1.681392322887074,
        1.6678106784820557,
        1.6540480960499158,
        1.6411164999008179,
        1.6257133592258801,
        1.6081765348261052,
        1.591566031629389,
        1.5708569288253784,
        1.548782554539767,
        1.5213550329208374,
        1.4959907748482444,
        1.4686786478215998,
        1.4466330138119785,
        1.4233034415678545,
        1.4033259478482334,
        1.3889021981846204,
        1.3717817176472058,
        1.352819188074632,
        1.343651370568709,
        1.333795184438879,
        1.3168420141393489,
        1.310037612915039,
        1.2957970066504045,
        1.2737663063136013,
        1.2661909027533098,
        1.2601141062649814,
        1.2367260510271245
    ],
    "val_loss": [
        1.7803045511245728,
        1.7439058423042297,
        1.6845305860042572,
        1.6374833285808563,
        1.6092785596847534,
        1.592405766248703,
        1.5808565020561218,
        1.5703387707471848,
        1.5640624165534973,
        1.5598876029253006,
        1.5570663809776306,
        1.5586301982402802,
        1.5554674863815308,
        1.550867035984993,
        1.559291511774063,
        1.5597158074378967,
        1.5627366602420807,
        1.5710992515087128,
        1.5625887513160706,
        1.5735765993595123,
        1.5749168395996094,
        1.5735127925872803,
        1.5703984797000885,
        1.5842741429805756,
        1.5614266246557236,
        1.5835515260696411,
        1.5924480855464935,
        1.5934324264526367,
        1.595180943608284,
        1.6143734455108643
    ]
}