{
    "train_loss": [
        1.8562622178684582,
        1.8106014186685735,
        1.7849173003976995,
        1.7612947117198596,
        1.737001354044134,
        1.7119947346774014,
        1.6859134977514094,
        1.6610363071615046,
        1.635741949081421,
        1.6113422567194158,
        1.5881191925569014,
        1.563323443586176,
        1.5371343656019731,
        1.5149550112811,
        1.4945684237913652,
        1.4750632481141523,
        1.4587188742377541,
        1.4397942261262373,
        1.4263138987801292,
        1.414863564751365,
        1.4010349837216465,
        1.3859310692006892,
        1.3687532489950007,
        1.3598163669759578,
        1.3484578999606045,
        1.3348003842613914,
        1.3241101069883867,
        1.3114521611820569,
        1.296903371810913,
        1.287160418250344
    ],
    "val_loss": [
        1.8330000638961792,
        1.8210280239582062,
        1.742278814315796,
        1.6630171239376068,
        1.6121245920658112,
        1.57412788271904,
        1.5490637421607971,
        1.5203171074390411,
        1.508579671382904,
        1.4809523820877075,
        1.4892346262931824,
        1.4610320031642914,
        1.4784118831157684,
        1.458888977766037,
        1.4880378544330597,
        1.4768079221248627,
        1.490347295999527,
        1.4744026958942413,
        1.4829847514629364,
        1.475378543138504,
        1.482454925775528,
        1.4617296159267426,
        1.4848977327346802,
        1.468600869178772,
        1.4682444632053375,
        1.4761156737804413,
        1.4714539051055908,
        1.4574189484119415,
        1.4660359919071198,
        1.4580678343772888
    ]
}