{
    "train_loss": [
        1.81857599995353,
        1.7748342644084583,
        1.7512674006548794,
        1.7288771867752075,
        1.7083138444206931,
        1.6862014857205478,
        1.6646611798893323,
        1.643045718019659,
        1.6217928799715908,
        1.5977005741812966,
        1.5728391842408613,
        1.5456131588328967,
        1.5198991840535945,
        1.4926631125536831,
        1.4650133631446145,
        1.4424128098921343,
        1.4188510179519653,
        1.4012679078362205,
        1.3875739249316128,
        1.3712068579413674,
        1.3563881570642644,
        1.335181182081049,
        1.3303301876241511,
        1.3127705400640315,
        1.2886301604184238,
        1.2862429510463367,
        1.2718732031908901,
        1.258136348290877,
        1.2497861168601296,
        1.2402343316511675
    ],
    "val_loss": [
        1.80928173661232,
        1.7660176157951355,
        1.697150081396103,
        1.648267239332199,
        1.6175810992717743,
        1.5941850244998932,
        1.574230283498764,
        1.5585575103759766,
        1.544870764017105,
        1.5395055711269379,
        1.5137986540794373,
        1.5191817879676819,
        1.491708979010582,
        1.5039247423410416,
        1.475358471274376,
        1.4917316436767578,
        1.467905804514885,
        1.4846931248903275,
        1.4724218994379044,
        1.4771023094654083,
        1.4736472368240356,
        1.490033134818077,
        1.4824549853801727,
        1.490041971206665,
        1.4980000108480453,
        1.4745415449142456,
        1.5143316388130188,
        1.4761764407157898,
        1.4971809685230255,
        1.4623081982135773
    ]
}