{
    "train_loss": [
        1.7997622598301282,
        1.7544532364064997,
        1.7315214438871904,
        1.7095310796390881,
        1.6889775124463169,
        1.668750069358132,
        1.6482306068593806,
        1.627868045460094,
        1.6071501970291138,
        1.5866017449985852,
        1.5656952966343274,
        1.5459402257745916,
        1.522364150394093,
        1.4966965046795933,
        1.4722390608354048,
        1.4501087015325373,
        1.4273539022965864,
        1.4020673578435725,
        1.3814311894503506,
        1.3670085776935925,
        1.3443118875676936,
        1.3362260298295454,
        1.3236745162443682,
        1.301696625622836,
        1.284350248900327,
        1.2885122786868701,
        1.263664635744962,
        1.2571320750496604,
        1.2342517375946045,
        1.2244769172234968
    ],
    "val_loss": [
        1.7851303815841675,
        1.7610924243927002,
        1.6911332607269287,
        1.6250122785568237,
        1.5844573676586151,
        1.5621547996997833,
        1.5480458438396454,
        1.5353243052959442,
        1.5265044420957565,
        1.5216304957866669,
        1.5089848041534424,
        1.5065766125917435,
        1.4974958300590515,
        1.499239593744278,
        1.505607709288597,
        1.5106257945299149,
        1.5223981589078903,
        1.5265912562608719,
        1.5367426425218582,
        1.5057443976402283,
        1.5626406967639923,
        1.5294153690338135,
        1.537219911813736,
        1.5435596406459808,
        1.5315043330192566,
        1.5136128515005112,
        1.5834378898143768,
        1.5196807980537415,
        1.5560681521892548,
        1.5247396379709244
    ]
}