model,dataset,exp,avg loss,acc,f1,recall,precision
ssl_retraining_and_mlp_as_head,WESAD,0,1.794929998261588,0.06930693069306931,0.009068196539280095,0.021806853582554516,0.06930693069306931
ssl_retraining_and_mlp_as_head,WESAD,1,1.7917594909667969,0.3316831683168317,0.16522507269314293,0.08302354399008674,0.3316831683168317
ssl_retraining_and_mlp_as_head,WESAD,2,1.7917594909667969,0.3316831683168317,0.16522507269314293,0.08302354399008674,0.3316831683168317
ssl_retraining_and_mlp_as_head,WESAD,3,1.7917594909667969,0.3316831683168317,0.16522507269314293,0.08302354399008674,0.3316831683168317
ssl_retraining_and_mlp_as_head,WESAD,4,1.7917594909667969,0.3316831683168317,0.16522507269314293,0.08302354399008674,0.3316831683168317
