model,dataset,exp,avg loss,acc,f1,recall,precision
MLP_finetuning_and_one_domain,Fragment,0,0.656441717791411,0.6681349991917284,0.5957176554841678,0.656441717791411,1.529378890991211
MLP_finetuning_and_one_domain,Fragment,1,0.6993865030674846,0.6983183377112988,0.6388388388388389,0.6993865030674846,1.5221344232559204
MLP_finetuning_and_one_domain,Fragment,2,0.6441717791411042,0.635115513492981,0.5783055852561957,0.6441717791411042,1.127685010433197
MLP_finetuning_and_one_domain,Fragment,3,0.588957055214724,0.5842417417768204,0.5348626743016182,0.588957055214724,1.8044226169586182
MLP_finetuning_and_one_domain,Fragment,4,0.6809815950920245,0.6860628941610537,0.6343963179677465,0.6809815950920245,1.7525612115859985