model,dataset,exp,avg loss,acc,f1,recall,precision
MLP_finetuning_and_one_domain,Fragment,0,0.6871165644171779,0.6660614378868807,0.5777544840437923,0.6871165644171779,0.8166956106821696
MLP_finetuning_and_one_domain,Fragment,1,0.39263803680981596,0.2874756548836303,0.19083994708994712,0.39263803680981596,2.0868256290753684
MLP_finetuning_and_one_domain,Fragment,2,0.7300613496932515,0.7061778339826656,0.6219790513523024,0.7300613496932515,0.776575485865275
MLP_finetuning_and_one_domain,Fragment,3,0.7116564417177914,0.6986365753511835,0.6116054412044979,0.7116564417177914,0.6940750479698181
MLP_finetuning_and_one_domain,Fragment,4,0.4601226993865031,0.4727689473065182,0.3800101705281321,0.4601226993865031,1.3093963464101155
