{
    "train_loss": [
        1.8244761987165972,
        1.7466480731964111,
        1.7206625504927202,
        1.6981865167617798,
        1.6777231693267822,
        1.652505408633839,
        1.6268159042705188,
        1.5861687064170837,
        1.5114259394732388,
        1.3913729136640376,
        1.2584579722447828,
        1.1580875976519152,
        1.0921939177946611,
        1.042658193544908,
        1.0283358638936824,
        0.9986458366567438,
        0.9622061333873055,
        0.921650929884477,
        0.9356534751978788,
        0.902843407609246,
        0.824218980290673,
        0.8999988219954751,
        0.9676578586751764,
        0.883453060280193,
        0.7994249734011564,
        1.0322972671552137,
        1.0502563364465127,
        0.982149067250165,
        0.7877678789875724,
        0.8408546799963171,
        0.8106284900145098,
        1.0494973794980482,
        1.0394451225345784,
        1.021096557378769,
        0.9423474127596075,
        0.8563110022382303,
        0.7232129770246419,
        0.6604782085527073,
        0.6176630719141527,
        0.5987568917599592,
        0.5534411668777466,
        0.5501688082109798,
        0.5064544142647223,
        0.6512409746646881,
        0.6624531308612363,
        1.4873626015403054,
        1.3481862959875301,
        1.0665673721920361,
        0.7928909117525275,
        0.7907550930976868,
        0.673941735516895,
        0.6698309494690462,
        0.6081537726250562,
        0.5863976912064985,
        0.5027446994049982,
        0.45454551482742483,
        0.4112403162501075,
        0.37389799884774466,
        0.35537602921778505,
        0.3375465974889018
    ],
    "val_loss": [
        1.7675626277923584,
        1.7324619889259338,
        1.693452775478363,
        1.6544301509857178,
        1.6212678849697113,
        1.591399759054184,
        1.5536474287509918,
        1.4898878186941147,
        1.3885193318128586,
        1.2466172575950623,
        1.0989375188946724,
        1.0196690186858177,
        0.9880088791251183,
        0.9688393622636795,
        0.9413010254502296,
        0.9265312701463699,
        0.9203588888049126,
        0.925744503736496,
        0.8928449973464012,
        0.966251764446497,
        1.0260304510593414,
        0.9731075093150139,
        1.03007941134274,
        1.0034104883670807,
        1.1369225829839706,
        1.4123017047531903,
        1.023259237408638,
        1.2325023412704468,
        0.8969571068882942,
        1.2454847823828459,
        1.1141649782657623,
        1.4585923794656992,
        0.9517272412776947,
        1.3000284805893898,
        1.1870465651154518,
        0.8959066607058048,
        1.0280379131436348,
        1.0084183141589165,
        1.0203374102711678,
        1.0705497600138187,
        1.0685990154743195,
        1.1434111557900906,
        1.235862523317337,
        1.502458276343532,
        1.8960673809051514,
        2.1298900418914855,
        1.0228526666760445,
        1.3404397666454315,
        1.0251627936959267,
        1.1459174305200577,
        1.0174830593168736,
        1.0810058861970901,
        1.207554031163454,
        1.0603689681738615,
        1.2129836045205593,
        1.1389216426759958,
        1.2911784499883652,
        1.3176420331001282,
        1.434285044670105,
        1.5013962611556053
    ]
}