{
    "train_loss": [
        1.8379296497865156,
        1.766917889768427,
        1.7376174601641567,
        1.7164640751751987,
        1.689602624286305,
        1.659091505137357,
        1.6374422962015325,
        1.5903825976631858,
        1.5146431706168435,
        1.393281416459517,
        1.2464350299401716,
        1.157712611285123,
        1.0873490165580402,
        1.0563695999709042,
        1.0068735019727186,
        0.9848059144887057,
        0.9839744784615256,
        0.9683907194571062,
        0.8885166997259314,
        0.9145309870893304,
        0.951514485207471,
        0.8565520197153091,
        0.8449051244692369,
        0.957207200202075,
        0.9073985689742998,
        1.0454649139534344,
        0.8326018770987337,
        0.7287898700345646,
        0.819181501865387,
        0.7439109500158917,
        0.7169048515233126,
        0.714275133880702,
        0.6202538633211092,
        1.1162531091408296,
        1.1330438226630741,
        0.8075642260638151,
        0.751345921646465,
        0.694711220535365,
        0.8168290203267877,
        0.7967065403407271,
        1.054055249149149,
        0.952193861657923,
        0.8509854626926509,
        0.6505113284696232,
        0.5524885674769228,
        0.5323003726926717,
        0.48031155697324057,
        0.4858481260863217,
        0.4527327435260469,
        0.4673748903653838,
        0.4304185174405575,
        0.6655361544002186,
        1.0710271157493645,
        2.2287161688913,
        1.4311289915984327,
        0.8145531226288188,
        0.8040914237499237,
        0.6660127964886752,
        0.560573622584343,
        0.5104634321548722
    ],
    "val_loss": [
        1.7785345613956451,
        1.7468882203102112,
        1.7114814817905426,
        1.6702005565166473,
        1.6312094032764435,
        1.5950268507003784,
        1.5550647377967834,
        1.4946432411670685,
        1.3907056748867035,
        1.241340309381485,
        1.0966703742742538,
        1.0241225510835648,
        0.9920944049954414,
        0.9625058695673943,
        0.940514974296093,
        0.9413084387779236,
        0.9081932604312897,
        0.9084553122520447,
        0.9772591441869736,
        0.9148951172828674,
        0.9319489598274231,
        0.9521972090005875,
        1.0123785585165024,
        1.1611971901729703,
        1.1858671307563782,
        0.9628204703330994,
        0.8723920062184334,
        0.9610794112086296,
        1.0132553856819868,
        0.9291667938232422,
        0.9398462884128094,
        1.105903404764831,
        1.4206679165363312,
        1.5532808501739055,
        1.0335514694452286,
        1.2273654788732529,
        1.1074932292103767,
        0.9721683785319328,
        1.5644144266843796,
        0.9948159903287888,
        1.5467404406517744,
        1.1629850417375565,
        0.9094845913350582,
        1.1393355689942837,
        1.0605984181165695,
        1.1172355115413666,
        1.1857972964644432,
        1.2908325958997011,
        1.2875569872558117,
        1.399436131119728,
        1.5183501094579697,
        1.9078205322148278,
        2.50984188914299,
        1.2721555121243,
        1.2531550228595734,
        1.0673121809959412,
        1.0953163132071495,
        1.1147427335381508,
        1.1011242046952248,
        1.1676695458590984
    ]
}