{
    "train_loss": [
        1.83020480112596,
        1.7623252543536099,
        1.7338531775908037,
        1.7120262492786755,
        1.6835827827453613,
        1.6670772270722822,
        1.6423166773535989,
        1.610840450633656,
        1.552764431996779,
        1.4501836191524158,
        1.2954484928737988,
        1.198206820271232,
        1.100475243546746,
        1.0516042113304138,
        1.0204963927919215,
        0.9937902336770837,
        0.9748173274777152,
        0.9558871496807445,
        0.8996965234929865,
        0.9186057123270902,
        0.9492042308503931,
        0.8363049775362015,
        0.8430754352699626,
        0.9866148693995043,
        0.8740898668766022,
        0.863412699916146,
        0.9473845308477228,
        1.0264966373585842,
        1.3831666166132146,
        1.0302118401635776,
        0.9948419386690314,
        0.8984341269189661,
        0.8149325346404855,
        0.7308259199966084,
        0.6783469793471423,
        0.6580007509751753,
        0.632249388505112,
        0.5928999253294684,
        0.5888486233624545,
        0.5262517813931812,
        0.676406979560852,
        0.5578062845055353,
        1.406696306033568,
        1.2717912063976242,
        0.9031787243756381,
        0.8592160845344717,
        0.8733104453845457,
        0.814385400577025,
        0.712831324474378,
        0.6242435662583872,
        0.5350258966738527,
        0.49136256223375147,
        0.45708385042168875,
        0.4334500581026077,
        0.39571136540987273,
        0.3944599452343854,
        0.36320651542734017,
        0.527695553546602,
        0.9156105236192658,
        2.1064312999898736
    ],
    "val_loss": [
        1.7813868522644043,
        1.7488921284675598,
        1.7093918025493622,
        1.6688133478164673,
        1.6337312757968903,
        1.6065357625484467,
        1.5774145424365997,
        1.5289550721645355,
        1.4409897029399872,
        1.2905594855546951,
        1.1202201172709465,
        1.031053051352501,
        0.9952070489525795,
        0.9712516590952873,
        0.941889151930809,
        0.9411300271749496,
        0.91499213129282,
        0.9088780879974365,
        0.9352891594171524,
        0.8801834434270859,
        0.9428429789841175,
        0.9321705549955368,
        1.0419480800628662,
        0.985830127261579,
        0.9983101338148117,
        0.9360206574201584,
        1.4818651773966849,
        1.3259454369544983,
        1.4373325109481812,
        0.9100176021456718,
        1.0593127757310867,
        1.0651915147900581,
        0.9109332449734211,
        0.9514889940619469,
        0.949119333177805,
        0.9598400369286537,
        1.015186119824648,
        0.977936428040266,
        1.1017826423048973,
        1.0118916407227516,
        1.5412687347270548,
        1.6277833729982376,
        2.090000119234901,
        1.0755310207605362,
        1.3091925382614136,
        1.229925386607647,
        0.9436793699860573,
        1.0623588152229786,
        1.1549953371286392,
        0.9873591363430023,
        1.1701001562178135,
        1.129234118387103,
        1.2056128308176994,
        1.2600078620016575,
        1.336599439382553,
        1.5292851477861404,
        1.4292123317718506,
        2.216443356825039,
        2.254085600376129,
        2.2882247942034155
    ]
}