{
    "train_loss": [
        1.8340001756494695,
        1.7591657855293967,
        1.733453544703397,
        1.7044379927895286,
        1.683818437836387,
        1.662755391814492,
        1.6372233520854602,
        1.6055409799922595,
        1.5448066538030452,
        1.4319050853902644,
        1.2947628064589067,
        1.1993316628716209,
        1.1013866039839657,
        1.0660298060287128,
        1.0274758366021244,
        1.0136254782026464,
        0.9718266373330896,
        0.9354869560761885,
        0.9067307846112684,
        0.9241773784160614,
        0.8833727023818276,
        0.8189483271403746,
        0.871431288394061,
        0.9152790389277718,
        0.8448164151473478,
        0.7348862866109068,
        1.2130510210990906,
        1.0380917123772881,
        0.8142979551445354,
        0.7456330386075106,
        0.7038637426766482,
        0.7146696692163294,
        0.6469007655978203,
        0.6254647794094953,
        0.6633932854641568,
        0.5673436922105876,
        0.8934156583114103,
        1.0250480766408145,
        0.7390875555574894,
        1.176112724976106,
        1.4671703063967554,
        1.1667816503481432,
        1.0967493815855547,
        0.8118225796656175,
        0.7200306437232278,
        0.6359597539359872,
        0.5988406051288951,
        0.5504217635501515,
        0.5133825906298377,
        0.47716076976873656,
        0.473340627822009,
        0.43226319788531825,
        0.46654167026281357,
        0.4250364181670276,
        0.4846500632437793,
        0.5305809100073847,
        0.5521877368234775,
        0.7895634164187041,
        1.3745056908704678,
        1.8195026259530673
    ],
    "val_loss": [
        1.7791888415813446,
        1.7459957301616669,
        1.7096762955188751,
        1.6718051135540009,
        1.6381971538066864,
        1.6090126037597656,
        1.5745504200458527,
        1.5198184251785278,
        1.422563835978508,
        1.2691825479269028,
        1.1061367392539978,
        1.027790017426014,
        0.9907185584306717,
        0.9646907597780228,
        0.9394117519259453,
        0.9229168966412544,
        0.9114797115325928,
        0.9049676358699799,
        0.8906820118427277,
        0.8760388046503067,
        0.8946727067232132,
        0.9357708245515823,
        0.8964611664414406,
        0.8944026101380587,
        1.1348675303161144,
        1.378150299191475,
        1.0760035132989287,
        0.8854711726307869,
        0.9920238330960274,
        0.8902458399534225,
        0.8648004233837128,
        0.9429278708994389,
        0.8930471874773502,
        0.8725683726370335,
        1.143052352592349,
        1.2508890628814697,
        0.9914026106707752,
        1.3511439952999353,
        1.2173956334590912,
        2.049049444263801,
        1.0110140889883041,
        1.3972258865833282,
        1.323590412735939,
        0.9195954650640488,
        0.9743629135191441,
        1.02604278922081,
        1.0653925500810146,
        1.0602742955088615,
        1.111505290493369,
        1.155485611408949,
        1.2485780380666256,
        1.2409609518945217,
        1.3955542384646833,
        1.4520758911967278,
        1.3305452205240726,
        1.7855118811130524,
        1.176542591303587,
        2.8910699209664017,
        1.7270345985889435,
        1.743081048130989
    ]
}