{
    "train_loss": [
        1.8350891416723079,
        1.7516950260509143,
        1.7255532958290793,
        1.701384110884233,
        1.6788430539044468,
        1.6576128981330178,
        1.6374517679214478,
        1.5956186218695207,
        1.5267007838595996,
        1.3919453620910645,
        1.2643670548092236,
        1.1678023690527135,
        1.0825961909510873,
        1.0588783567601985,
        1.0256400379267605,
        0.9787145717577501,
        0.9550508856773376,
        0.9525586908513849,
        0.9242834557186473,
        0.8670095801353455,
        0.8652429255572233,
        0.8780120313167572,
        0.8705762015147642,
        0.7457528683272275,
        0.935827225446701,
        0.9656524170528759,
        0.8575889278541912,
        0.91896406899799,
        0.7845522910356522,
        0.7862248391928998,
        1.1631950248371472,
        0.9812363216822798,
        1.0429087335413152,
        0.9123379601673647,
        0.8912040035833012,
        0.7750654660842635,
        0.6945406320420179,
        0.6409789743748578,
        0.59743278270418,
        0.5705618919296698,
        0.555904970927672,
        0.5111934860998933,
        0.5580208477648821,
        0.4960594412616708,
        0.7922353690320795,
        1.050982448769818,
        1.272960291667418,
        0.7670254250141707,
        0.6412871818650853,
        0.5476147505370054,
        0.6313846422867342,
        0.728104216131297,
        0.9764593216505918,
        1.1397824497385458,
        0.8131617300889709,
        0.5842737928032875,
        0.4862725446847352,
        0.4573245360092683,
        0.4096185073933818,
        0.3732562286948616
    ],
    "val_loss": [
        1.7745059430599213,
        1.7413553595542908,
        1.7065640091896057,
        1.6693256795406342,
        1.633617490530014,
        1.6006220579147339,
        1.5649757087230682,
        1.507686734199524,
        1.3982649892568588,
        1.2309627532958984,
        1.0755123123526573,
        1.0193124040961266,
        0.9909316375851631,
        0.9633736684918404,
        0.936848521232605,
        0.9219446107745171,
        0.9031156376004219,
        0.9022800400853157,
        0.8874402567744255,
        0.8873764127492905,
        0.8955627828836441,
        0.8571422770619392,
        1.0109753645956516,
        1.0709006488323212,
        0.8894496336579323,
        1.1657034531235695,
        0.9650188833475113,
        0.8894594609737396,
        1.0823973156511784,
        1.30455881357193,
        1.3790615666657686,
        0.935872808098793,
        1.4065052568912506,
        0.9144769906997681,
        0.9043291881680489,
        0.9672906845808029,
        0.8572537824511528,
        0.912261825054884,
        0.9221239592880011,
        0.9318170584738255,
        0.9753776229918003,
        1.0115318223834038,
        1.1509617953561246,
        1.302022397518158,
        1.9356268576812,
        1.4507996141910553,
        1.4804968684911728,
        0.8766685128211975,
        0.9652982540428638,
        0.9632402509450912,
        1.4548663329333067,
        0.9359858185052872,
        1.647203516215086,
        1.3976411148905754,
        0.7939754612743855,
        0.9894821010529995,
        1.059237651526928,
        1.0444393567740917,
        1.1563646011054516,
        1.2436172552406788
    ]
}