model,dataset,exp,avg loss,acc,f1,recall,precision
MLP_finetuning_and_four_domains,Fragment,0,0.19631901840490798,0.115178760313095,0.16772030651340997,0.19631901840490798,6.026427825291951
MLP_finetuning_and_four_domains,Fragment,1,0.1656441717791411,0.08885728984364483,0.1264041274817137,0.1656441717791411,6.498086492220561
MLP_finetuning_and_four_domains,Fragment,2,0.17177914110429449,0.08707881075979235,0.12974358974358974,0.17177914110429449,7.260897080103557
MLP_finetuning_and_four_domains,Fragment,3,0.19631901840490798,0.11446520104666673,0.16717069272850207,0.19631901840490798,5.345293362935384
MLP_finetuning_and_four_domains,Fragment,4,0.20245398773006135,0.10904699740245852,0.1581426695720192,0.20245398773006135,7.164359887440999
