{
    "train_loss": [
        1.7945170185782693,
        1.7533947229385376,
        1.735266772183505,
        1.7213881882754238,
        1.7095627351240679,
        1.6991069316864014,
        1.68966759334911,
        1.6811280358921399,
        1.6733717376535588,
        1.6663134639913386,
        1.6598151488737627,
        1.6538362069563433,
        1.648295359178023,
        1.6431583816354924,
        1.6383353146639736,
        1.633857336911288,
        1.629593935879794,
        1.6256329037926414,
        1.6217978975989602,
        1.6182245774702593,
        1.6147756034677678,
        1.6115551536733455,
        1.6083777926184915,
        1.6054931770671497,
        1.602536526593295,
        1.5998901779001409,
        1.5971441702409224,
        1.5947251536629417,
        1.5921204090118408,
        1.5898026444695212
    ],
    "val_loss": [
        1.7849677205085754,
        1.781092345714569,
        1.7586460411548615,
        1.7299360036849976,
        1.7110264301300049,
        1.6996299624443054,
        1.6917651891708374,
        1.6852724254131317,
        1.6786826252937317,
        1.672339916229248,
        1.666577935218811,
        1.6610606610774994,
        1.6563760042190552,
        1.6518682539463043,
        1.647695243358612,
        1.6441319286823273,
        1.6413590610027313,
        1.6379736363887787,
        1.6351335048675537,
        1.632466346025467,
        1.6303881406784058,
        1.6270939409732819,
        1.6253156065940857,
        1.6224868297576904,
        1.6215273439884186,
        1.6183248162269592,
        1.6176455318927765,
        1.6147429943084717,
        1.6138621866703033,
        1.61160609126091
    ]
}