{
    "train_loss": [
        1.769422401081432,
        1.7301202687350186,
        1.7133575027639216,
        1.700637318871238,
        1.6898727308620105,
        1.6803300922567195,
        1.6717101010409268,
        1.6638932878320867,
        1.6568190292878584,
        1.6503883708607068,
        1.6445336450229993,
        1.6391283598813144,
        1.634145357392051,
        1.6295283816077493,
        1.6252449425784024,
        1.6212597651915117,
        1.6176396825096824,
        1.6143066666342996,
        1.6112322373823686,
        1.6078389016064731,
        1.6047489859841086,
        1.6016783714294434,
        1.598982572555542,
        1.596292950890281,
        1.5938745520331643,
        1.5914180278778076,
        1.589167367328297,
        1.5867643464695325,
        1.5846251249313354,
        1.5823266939683394
    ],
    "val_loss": [
        1.7600299715995789,
        1.7346191108226776,
        1.6981436610221863,
        1.664474219083786,
        1.6451822221279144,
        1.636082023382187,
        1.630509614944458,
        1.6256622076034546,
        1.6216146349906921,
        1.617997020483017,
        1.6147982776165009,
        1.6123404800891876,
        1.6101392209529877,
        1.607075572013855,
        1.6062205135822296,
        1.6020340025424957,
        1.6036076843738556,
        1.5969599783420563,
        1.6010210514068604,
        1.593789130449295,
        1.5976456701755524,
        1.5922191441059113,
        1.5956015586853027,
        1.5902408063411713,
        1.5942405760288239,
        1.5877092778682709,
        1.5926349759101868,
        1.5853890180587769,
        1.5907026827335358,
        1.5838539600372314
    ]
}