{
    "train_loss": [
        1.8201635750857266,
        1.7755781303752551,
        1.7549730105833574,
        1.7389406182549216,
        1.725247773257169,
        1.7131964618509465,
        1.7024212317033247,
        1.6927221038124778,
        1.6839364008470015,
        1.6759151328693738,
        1.6685257391496138,
        1.6617252176458186,
        1.6554396694356746,
        1.6496040604331277,
        1.6442385911941528,
        1.6393108367919922,
        1.634462920102206,
        1.630078207362782,
        1.6259189302271062,
        1.6219958608800715,
        1.6181888688694348,
        1.6146147359501233,
        1.6111227490685203,
        1.6078354878859087,
        1.6046361056241123,
        1.601681720126759,
        1.5987559340216897,
        1.5960224650122903,
        1.5932965712113814,
        1.5907479199496182
    ],
    "val_loss": [
        1.8183572888374329,
        1.8209173679351807,
        1.7985548079013824,
        1.7621426284313202,
        1.737758606672287,
        1.723834365606308,
        1.7139850556850433,
        1.7069160342216492,
        1.7005063891410828,
        1.694758951663971,
        1.6889464259147644,
        1.6833935678005219,
        1.6790135204792023,
        1.6737283766269684,
        1.6704376935958862,
        1.6643164157867432,
        1.6625526249408722,
        1.6563321352005005,
        1.6552343666553497,
        1.6494620144367218,
        1.648958534002304,
        1.6436091363430023,
        1.6435738801956177,
        1.6383864283561707,
        1.6382774710655212,
        1.6332541406154633,
        1.6334311068058014,
        1.6287885308265686,
        1.6292023360729218,
        1.6247322857379913
    ]
}