{
    "train_loss": [
        1.8794428651983088,
        1.8327920220114968,
        1.8088527484373613,
        1.789393511685458,
        1.7722187367352573,
        1.7567166956988247,
        1.742662787437439,
        1.7298693656921387,
        1.7182076085697522,
        1.7075852047313342,
        1.6978139118714766,
        1.6889185471968218,
        1.6806889230554753,
        1.6731538555838845,
        1.6660890254107388,
        1.6596032597801902,
        1.6533999226310037,
        1.647713151845065,
        1.6422353115948765,
        1.6373421278866855,
        1.6326431144367566,
        1.628526438366283,
        1.6241420073942705,
        1.6200802759690718,
        1.6161124272779985,
        1.6124016046524048,
        1.6088450388474898,
        1.6054836186495693,
        1.6022146289998835,
        1.59913339398124
    ],
    "val_loss": [
        1.8177131712436676,
        1.8346372544765472,
        1.822420984506607,
        1.7929977178573608,
        1.769889235496521,
        1.753859043121338,
        1.7403368651866913,
        1.728136569261551,
        1.7167299687862396,
        1.7066949307918549,
        1.697565644979477,
        1.6904017925262451,
        1.6824035346508026,
        1.6766956746578217,
        1.668093502521515,
        1.6656229496002197,
        1.6585471332073212,
        1.6553173959255219,
        1.6494923532009125,
        1.6467072367668152,
        1.6418383419513702,
        1.6384844779968262,
        1.636130928993225,
        1.6310955286026,
        1.630979061126709,
        1.6253664791584015,
        1.625998169183731,
        1.620372235774994,
        1.6214257180690765,
        1.6155823469161987
    ]
}