{
    "train_loss": [
        1.76953801241788,
        1.7290447083386509,
        1.7121610641479492,
        1.6998631303960627,
        1.689596869728782,
        1.6805688684636897,
        1.6724560369144787,
        1.665140455419367,
        1.6584972685033625,
        1.652393395250494,
        1.6467600952495227,
        1.641581112688238,
        1.6367489424618809,
        1.632219292900779,
        1.6279874064705588,
        1.6239786039699207,
        1.6202234354886142,
        1.6166445450349287,
        1.613268873908303,
        1.610028321092779,
        1.6069634285840122,
        1.6039987910877576,
        1.6011989550157026,
        1.5985111540014094,
        1.59593974460255,
        1.5934461788697676,
        1.5910644747994163,
        1.5886993191458962,
        1.586491053754633,
        1.5842584371566772
    ],
    "val_loss": [
        1.8130662739276886,
        1.8095052540302277,
        1.7742083370685577,
        1.7361617982387543,
        1.7129527628421783,
        1.7004768252372742,
        1.6932820081710815,
        1.6869975626468658,
        1.68129563331604,
        1.6756206452846527,
        1.6699174642562866,
        1.6651023924350739,
        1.6610161364078522,
        1.6571674644947052,
        1.65329048037529,
        1.649874895811081,
        1.646443486213684,
        1.6440255045890808,
        1.6410280466079712,
        1.6388423144817352,
        1.6358322203159332,
        1.6339797973632812,
        1.6313486993312836,
        1.6304318308830261,
        1.6277600526809692,
        1.6265760362148285,
        1.6235198080539703,
        1.6231251955032349,
        1.6205497086048126,
        1.6200427114963531
    ]
}