model,dataset,exp,avg loss,acc,f1,recall,precision
MLP_linearprobing_and_one_domain,Fragment,0,0.5828220858895705,0.5774193932422449,0.48313493049834766,0.5828220858895705,1.312664012114207
MLP_linearprobing_and_one_domain,Fragment,1,0.5828220858895705,0.5827457239955305,0.49050207692725256,0.5828220858895705,1.2475752532482147
MLP_linearprobing_and_one_domain,Fragment,2,0.5950920245398773,0.5940611812971645,0.49685436397669364,0.5950920245398773,1.3470117648442586
MLP_linearprobing_and_one_domain,Fragment,3,0.5460122699386503,0.5536760665860971,0.484110534557688,0.5460122699386503,1.4144007364908855
MLP_linearprobing_and_one_domain,Fragment,4,0.5705521472392638,0.577502244392574,0.4955349496120287,0.5705521472392638,1.42103910446167
