{
    "train_losses": [
        8.79125232914932,
        8.37097101211548,
        8.224050549514422,
        8.163730783680924,
        8.075613214769437,
        8.06791531948643,
        8.056968433802364,
        8.002547341266661,
        7.957151495955372,
        7.95966066294954,
        7.972388777842048,
        7.917222791045677,
        7.927929331510121,
        7.892370814403505,
        7.904550314313583,
        7.905620360920447,
        7.923091860399901,
        7.877508612625472,
        7.86809017931232,
        7.836697610461985,
        7.845103627488814,
        7.8702472260890115,
        7.844211068044182,
        7.851565814928244,
        7.840740021494509,
        7.827238536791037,
        7.837455253382675,
        7.840035678776166,
        7.8422467846906825,
        7.82865019427001
    ],
    "val_losses": [
        13.458716700153966,
        13.606964060055311,
        13.897294300858693,
        13.336279971625215,
        13.552642022409747,
        13.332252810078282,
        13.325099370812858,
        13.135836375656949,
        13.774189723435269,
        13.701416354025564,
        13.390835823551301,
        13.50814397873417,
        13.368956053128807,
        13.189664953498431,
        13.429695375504032,
        13.49179450414514,
        13.456689814085601,
        13.57211197063487,
        13.541560808817545,
        13.640181028714744,
        13.527057914323704,
        13.473321637799662,
        13.756410885882634,
        13.11562995500462,
        13.593331367738786,
        13.297019148385653,
        13.319835888442173,
        13.194219414905834,
        13.872857360429661,
        13.466846537846392
    ],
    "repr_shape": [
        320,
        92
    ],
    "best_epoch": 23,
    "time": 3203.551343
}