{"train_loss/run_8":0.6494000391526655,"train_loss/run_7":0.7438461834734137,"train_loss/run_1":1.045342510396784,"val_loss/run_6":1.324384093284607,"step/run_3":49,"val_loss/run_9":2.9412319660186768,"step/run_4":49,"umap_before":{"sha256":"ff01cb9edea375e89a9ec62b11e30b0bb4a5401198c7dbe288dc6aa579733688","size":48910,"path":"media/plotly/umap_before_539_ff01cb9edea375e89a9e.plotly.json","_type":"plotly-file"},"UMAP SSL BEFORE FCN_finetuning_and_four_domains":{"sha256":"ff01cb9edea375e89a9ec62b11e30b0bb4a5401198c7dbe288dc6aa579733688","size":48910,"path":"media/plotly/UMAP SSL BEFORE FCN_finetuning_and_four_domains_486_ff01cb9edea375e89a9e.plotly.json","_type":"plotly-file"},"train_loss/run_0":1.2296642065048218,"UMAP mlp BEFORE FCN_finetuning_and_four_domains":{"size":49357,"path":"media/plotly/UMAP mlp BEFORE FCN_finetuning_and_four_domains_538_f5e28642217f08481e46.plotly.json","_type":"plotly-file","sha256":"f5e28642217f08481e466fec8d8a6917b545eff437c7db030ffa7a970cd8372d"},"train_loss/run_9":0.659093748439442,"train_loss/run_3":0.8496965007348494,"val_loss/run_5":1.1068367560704548,"umap_after":{"sha256":"aaac9eb2ad5dc835367f693a333f47b7ea395b8a1a8581a4eb8e4a09e89b1bd0","size":49251,"path":"media/plotly/umap_after_539_aaac9eb2ad5dc835367f.plotly.json","_type":"plotly-file"},"train_loss/run_5":0.7365401929075067,"step/run_1":49,"train_loss/run_2":0.9824525009502064,"val_loss/run_8":1.4768957297007244,"_timestamp":1.7441549025070176e+09,"train_loss/run_4":0.8119423443620856,"train_loss/run_6":0.7068264321847395,"val_loss/run_0":1.2780607144037883,"step/run_6":49,"step/run_0":49,"step/run_2":49,"step/run_9":49,"val_loss/run_7":3.229097604751587,"UMAP SSL AFTER FCN_finetuning_and_four_domains":{"_type":"plotly-file","sha256":"aaac9eb2ad5dc835367f693a333f47b7ea395b8a1a8581a4eb8e4a09e89b1bd0","size":49251,"path":"media/plotly/UMAP SSL AFTER FCN_finetuning_and_four_domains_537_aaac9eb2ad5dc835367f.plotly.json"},"step/run_7":49,"_wandb":{"runtime":171},"val_loss/run_4":2.2759714921315513,"val_loss/run_2":3.0136555830637612,"_step":539,"val_loss/run_1":1.658456802368164,"step/run_5":49,"_runtime":171.676687825,"umap_mlp_after":{"size":49357,"path":"media/plotly/umap_mlp_after_539_f5e28642217f08481e46.plotly.json","_type":"plotly-file","sha256":"f5e28642217f08481e466fec8d8a6917b545eff437c7db030ffa7a970cd8372d"},"val_loss/run_3":1.4524874687194824,"step/run_8":49}