{"train_loss/run_1":1.6168027140877463,"val_loss/run_2":1.7917594909667969,"_step":54,"step/run_2":9,"step/run_1":9,"step/run_0":9,"train_loss/run_4":1.6877813230861316,"UMAP SSL BEFORE MLP_linearprobing_and_four_domains":{"sha256":"f99e83cecb33e4644d0d3c89d5167f10e9128ee42bdb29bdbb983cef44478a83","size":49460,"path":"media/plotly/UMAP SSL BEFORE MLP_linearprobing_and_four_domains_44_f99e83cecb33e4644d0d.plotly.json","_type":"plotly-file"},"train_loss/run_0":1.689235351302407,"train_loss/run_3":1.6815068830143323,"val_loss/run_1":1.5755972862243652,"val_loss/run_0":1.6977222561836243,"step/run_4":9,"val_loss/run_3":1.6907225549221039,"train_loss/run_2":1.7917594909667969,"step/run_3":9,"_runtime":10.58984076,"val_loss/run_4":1.6960337162017822,"_timestamp":1.7442993822338448e+09,"_wandb":{"runtime":10}}