model,dataset,exp,avg loss,acc,f1,recall,precision
MLP_linearprobing_and_one_domain,Fragment,0,0.558282208588957,0.5359169096207055,0.41345257944675967,0.558282208588957,1.1066447099049885
MLP_linearprobing_and_one_domain,Fragment,1,0.558282208588957,0.5395286998324311,0.4162930138661414,0.558282208588957,1.0843134721120198
MLP_linearprobing_and_one_domain,Fragment,2,0.5398773006134969,0.5248312652646168,0.39936717182684206,0.5398773006134969,1.1123098134994507
MLP_linearprobing_and_one_domain,Fragment,3,0.5521472392638037,0.5323355961912685,0.40673693206095995,0.5521472392638037,1.1152859330177307
MLP_linearprobing_and_one_domain,Fragment,4,0.5460122699386503,0.5261226557515404,0.40031625279134114,0.5460122699386503,1.1274181604385376
