model,dataset,exp,avg loss,acc,f1,recall,precision
MLP_finetuning_and_four_domains,Fragment,0,0.1656441717791411,0.04757864508549798,0.04787234042553192,0.1656441717791411,6.082695007324219
MLP_finetuning_and_four_domains,Fragment,1,0.07975460122699386,0.03644635768417796,0.051750700280112034,0.07975460122699386,6.935310363769531
MLP_finetuning_and_four_domains,Fragment,2,0.1656441717791411,0.047833076342639676,0.0481283422459893,0.1656441717791411,8.53928518295288
MLP_finetuning_and_four_domains,Fragment,3,0.17177914110429449,0.08718592256898866,0.08243393429687011,0.17177914110429449,5.288244366645813
MLP_finetuning_and_four_domains,Fragment,4,0.17177914110429449,0.059036063805963226,0.0626210958691777,0.17177914110429449,6.241676012674968
