model,dataset,exp,avg loss,acc,f1,recall,precision
MLP_finetuning_and_one_domain,Fragment,0,0.17791411042944785,0.06875906302286672,0.07053030303030304,0.17791411042944785,9.795076052347818
MLP_finetuning_and_one_domain,Fragment,1,0.1656441717791411,0.04887860806597606,0.04918032786885246,0.1656441717791411,8.97409725189209
MLP_finetuning_and_one_domain,Fragment,2,0.1656441717791411,0.047326906222611737,0.047619047619047616,0.1656441717791411,11.187557856241861
MLP_finetuning_and_one_domain,Fragment,3,0.1656441717791411,0.047077817242492735,0.04736842105263158,0.1656441717791411,9.922224203745523
MLP_finetuning_and_one_domain,Fragment,4,0.1656441717791411,0.047326906222611737,0.047619047619047616,0.1656441717791411,9.214332898457846
