model,dataset,exp,avg loss,acc,f1,recall,precision
MLP_finetuning_and_one_domain,Fragment,0,0.0736196319018405,0.010643802202675733,0.024096385542168672,0.0736196319018405,7.600412368774414
MLP_finetuning_and_one_domain,Fragment,1,0.04294478527607362,0.024410720051662897,0.024561403508771926,0.04294478527607362,6.7728986740112305
MLP_finetuning_and_one_domain,Fragment,2,0.0736196319018405,0.01083970040272498,0.024539877300613498,0.0736196319018405,9.019798596700033
MLP_finetuning_and_one_domain,Fragment,3,0.07975460122699386,0.024786096805301926,0.03799702712746191,0.07975460122699386,9.976367632548014
MLP_finetuning_and_one_domain,Fragment,4,0.0736196319018405,0.010154431986460757,0.022988505747126436,0.0736196319018405,6.184877713521321
