{"train_loss/run_8":1.1426616798747669,"train_loss/run_4":1.2098332968625156,"_step":539,"umap_after":{"path":"media/plotly/umap_after_539_0bc9065259caee928fd7.plotly.json","_type":"plotly-file","sha256":"0bc9065259caee928fd7136b430034bc4759ec0f97ba62f5ba461f39fa6e4ed7","size":49042},"step/run_6":49,"train_loss/run_1":1.3031044223091819,"train_loss/run_9":1.188383010300723,"step/run_8":49,"step/run_9":49,"train_loss/run_2":1.2896323854273015,"val_loss/run_7":1.3372268676757812,"train_loss/run_6":1.1719905138015747,"step/run_5":49,"val_loss/run_2":1.3408350944519043,"train_loss/run_3":1.2170053937218406,"UMAP SSL AFTER MLP_linearprobing_and_four_domains":{"size":49042,"path":"media/plotly/UMAP SSL AFTER MLP_linearprobing_and_four_domains_537_0bc9065259caee928fd7.plotly.json","_type":"plotly-file","sha256":"0bc9065259caee928fd7136b430034bc4759ec0f97ba62f5ba461f39fa6e4ed7"},"step/run_3":49,"UMAP mlp BEFORE MLP_linearprobing_and_four_domains":{"_type":"plotly-file","sha256":"bfd47859cecfc0dba30f08cba7c00f931d668eae634b63e4a44098e44fea26cc","size":49116,"path":"media/plotly/UMAP mlp BEFORE MLP_linearprobing_and_four_domains_538_bfd47859cecfc0dba30f.plotly.json"},"val_loss/run_3":1.3349237044652302,"val_loss/run_4":1.3206340471903484,"val_loss/run_5":1.3575594425201416,"val_loss/run_1":1.4069581826527913,"step/run_7":49,"train_loss/run_0":1.3639652945778586,"val_loss/run_0":1.4345231453577678,"val_loss/run_8":1.3161474466323853,"_runtime":101.733559409,"val_loss/run_6":1.343076229095459,"step/run_4":49,"step/run_0":49,"step/run_1":49,"UMAP SSL BEFORE MLP_linearprobing_and_four_domains":{"_type":"plotly-file","sha256":"84e051cab2e454ace1e879788c778fabcea6b6a0222a35b950111f53154f0a8a","size":49005,"path":"media/plotly/UMAP SSL BEFORE MLP_linearprobing_and_four_domains_486_84e051cab2e454ace1e8.plotly.json"},"train_loss/run_7":1.171317078850486,"umap_mlp_after":{"_type":"plotly-file","sha256":"bfd47859cecfc0dba30f08cba7c00f931d668eae634b63e4a44098e44fea26cc","size":49116,"path":"media/plotly/umap_mlp_after_539_bfd47859cecfc0dba30f.plotly.json"},"_timestamp":1.7441553922492023e+09,"val_loss/run_9":1.3698163032531738,"step/run_2":49,"train_loss/run_5":1.2189779389988293,"_wandb":{"runtime":101},"umap_before":{"size":49005,"path":"media/plotly/umap_before_539_84e051cab2e454ace1e8.plotly.json","_type":"plotly-file","sha256":"84e051cab2e454ace1e879788c778fabcea6b6a0222a35b950111f53154f0a8a"}}