model,dataset,exp,avg loss,acc,f1,recall,precision
MLP_linearprobing_and_one_domain,Fragment,0,1.0718992352485657,0.6932515337423313,0.6364137507375704,0.4740447957839262,0.6932515337423313
MLP_linearprobing_and_one_domain,Fragment,1,1.0749476949373882,0.6993865030674846,0.6335783108366142,0.47518203380272345,0.6993865030674846
MLP_linearprobing_and_one_domain,Fragment,2,1.0800598859786987,0.7055214723926381,0.6521235715096654,0.49921716273381317,0.7055214723926381
MLP_linearprobing_and_one_domain,Fragment,3,1.050520082314809,0.7177914110429447,0.6650936667915417,0.5201447777598275,0.7177914110429447
MLP_linearprobing_and_one_domain,Fragment,4,1.1076923608779907,0.6993865030674846,0.6380474092269836,0.47805375842357617,0.6993865030674846
