model,dataset,exp,avg loss,acc,f1,recall,precision
ssl_retraining_and_mlp_as_head,WESAD,0,1.7235995190484183,0.3316831683168317,0.16522507269314293,0.08302354399008674,0.3316831683168317
ssl_retraining_and_mlp_as_head,WESAD,1,1.6910289525985718,0.3316831683168317,0.16522507269314293,0.08302354399008674,0.3316831683168317
ssl_retraining_and_mlp_as_head,WESAD,2,1.6873701981135778,0.3316831683168317,0.16522507269314293,0.08302354399008674,0.3316831683168317
ssl_retraining_and_mlp_as_head,WESAD,3,1.6803855044501168,0.3316831683168317,0.16522507269314293,0.08302354399008674,0.3316831683168317
ssl_retraining_and_mlp_as_head,WESAD,4,1.701270239693778,0.3316831683168317,0.16522507269314293,0.08302354399008674,0.3316831683168317
