model,dataset,exp,avg loss,acc,f1,recall,precision
MLP_finetuning_and_four_domains,Fragment,0,0.13496932515337423,0.03992573458185341,0.04926900584795321,0.13496932515337423,5.730879942576091
MLP_finetuning_and_four_domains,Fragment,1,0.15950920245398773,0.07882136367891812,0.10150783764144088,0.15950920245398773,5.387171387672424
MLP_finetuning_and_four_domains,Fragment,2,0.1656441717791411,0.08749073012876694,0.11492673992673992,0.1656441717791411,5.0973884264628095
MLP_finetuning_and_four_domains,Fragment,3,0.15337423312883436,0.07093541110888266,0.09794994277752898,0.15337423312883436,5.74778413772583
MLP_finetuning_and_four_domains,Fragment,4,0.15337423312883436,0.07203142968595644,0.09998623726947427,0.15337423312883436,6.037134329477946
