model,dataset,exp,acc,f1,recall,precision
HinceptionTime,fragment,0,0.5705521472392638,0.5449413832350405,0.42027085753252075,0.5705521472392638
