{"step/run_2":49,"val_loss/run_0":1.4957762559254963,"UMAP mlp BEFORE MLP_linearprobing_and_one_domain":{"size":49288,"path":"media/plotly/UMAP mlp BEFORE MLP_linearprobing_and_one_domain_538_bf4d85249e4b1a80beda.plotly.json","_type":"plotly-file","sha256":"bf4d85249e4b1a80beda94d5c2db6771aa7aff2d79d3db0beb5e7333359c802a"},"train_loss/run_3":1.3372950879010288,"UMAP SSL BEFORE MLP_linearprobing_and_one_domain":{"_type":"plotly-file","sha256":"80bec069a36fe322bb940ad4fef4bfca679122ab67dc21a9716c18b865c94891","size":49145,"path":"media/plotly/UMAP SSL BEFORE MLP_linearprobing_and_one_domain_486_80bec069a36fe322bb94.plotly.json"},"step/run_3":49,"_timestamp":1.7441556256077843e+09,"step/run_4":49,"train_loss/run_1":1.4496613632548938,"val_loss/run_9":1.3425013621648152,"UMAP SSL AFTER MLP_linearprobing_and_one_domain":{"_type":"plotly-file","sha256":"bdc32e54849f0443aac24d9fc4a8768859955909a0095be6fa6467f87d8f2306","size":49180,"path":"media/plotly/UMAP SSL AFTER MLP_linearprobing_and_one_domain_537_bdc32e54849f0443aac2.plotly.json"},"val_loss/run_6":1.3791003227233887,"step/run_1":49,"umap_mlp_after":{"size":49288,"path":"media/plotly/umap_mlp_after_539_bf4d85249e4b1a80beda.plotly.json","_type":"plotly-file","sha256":"bf4d85249e4b1a80beda94d5c2db6771aa7aff2d79d3db0beb5e7333359c802a"},"train_loss/run_9":1.1052485325119712,"_runtime":102.045995275,"_step":539,"umap_after":{"sha256":"bdc32e54849f0443aac24d9fc4a8768859955909a0095be6fa6467f87d8f2306","size":49180,"path":"media/plotly/umap_after_539_bdc32e54849f0443aac2.plotly.json","_type":"plotly-file"},"train_loss/run_8":1.2428986917842517,"train_loss/run_5":1.3339589509097012,"val_loss/run_3":1.4201303720474243,"step/run_7":49,"step/run_9":49,"val_loss/run_5":1.3865172068277996,"val_loss/run_2":1.4435157775878906,"val_loss/run_4":1.4102006355921428,"val_loss/run_7":1.4066633780797322,"train_loss/run_7":1.2604931701313367,"train_loss/run_2":1.4302385720339688,"val_loss/run_1":1.4833841721216838,"train_loss/run_4":1.2929420850493691,"val_loss/run_8":1.3848615487416585,"step/run_5":49,"train_loss/run_0":1.4925611452622847,"step/run_0":49,"umap_before":{"path":"media/plotly/umap_before_539_80bec069a36fe322bb94.plotly.json","_type":"plotly-file","sha256":"80bec069a36fe322bb940ad4fef4bfca679122ab67dc21a9716c18b865c94891","size":49145},"train_loss/run_6":1.2675960714166814,"step/run_6":49,"step/run_8":49,"_wandb":{"runtime":102}}