{
    "train_loss": [
        1.8181730508804321,
        1.764904499053955,
        1.7426990812475032,
        1.7278320680965076,
        1.7183225588365034,
        1.7111665985801003,
        1.7045877088199963,
        1.6981639645316384,
        1.693096941167658,
        1.689497340809215,
        1.6853415749289773,
        1.6824641552838413,
        1.6798038265921853,
        1.6764975135976619,
        1.6728835214268079,
        1.6701794537630947,
        1.6685412580316716,
        1.6664916710420088,
        1.6650444160808215,
        1.6643297672271729,
        1.6619585752487183,
        1.6602447358044712,
        1.6585519205440173,
        1.656808072870428,
        1.655032916502519,
        1.653381965377114,
        1.6520002646879717,
        1.6496175527572632,
        1.6476915207776157,
        1.6468289657072588
    ],
    "val_loss": [
        1.7843505144119263,
        1.7571959793567657,
        1.7349817156791687,
        1.711075484752655,
        1.6895844340324402,
        1.6789648532867432,
        1.6650104224681854,
        1.6568060219287872,
        1.6459098160266876,
        1.6405692994594574,
        1.6352775692939758,
        1.6272622048854828,
        1.627247840166092,
        1.6187029480934143,
        1.6170792281627655,
        1.6145651936531067,
        1.6105050444602966,
        1.6078396141529083,
        1.599173367023468,
        1.6051757335662842,
        1.6016323864459991,
        1.5992844998836517,
        1.594761997461319,
        1.5954684019088745,
        1.593232810497284,
        1.5902913808822632,
        1.5900810062885284,
        1.5905865728855133,
        1.5873669385910034,
        1.5874333083629608
    ]
}