{
    "train_loss": [
        1.8288668502460828,
        1.7752802913839167,
        1.7550302418795498,
        1.7411732782017102,
        1.7302459261634133,
        1.7212606451728127,
        1.7146188779310747,
        1.70800105008212,
        1.702952580018477,
        1.6984206979924983,
        1.69466402313926,
        1.6915214386853306,
        1.688347957350991,
        1.685019308870489,
        1.682098627090454,
        1.679464416070418,
        1.677100951021368,
        1.674562324177135,
        1.6719698038968174,
        1.6706228147853504,
        1.6686000498858364,
        1.667195352641019,
        1.664865721355785,
        1.665353850884871,
        1.6626483093608508,
        1.6605183536356145,
        1.6591490507125854,
        1.6572438911958174,
        1.655809294093739,
        1.6541196758096868
    ],
    "val_loss": [
        1.782484769821167,
        1.7726536095142365,
        1.7606922686100006,
        1.7482559382915497,
        1.7369861602783203,
        1.7207651734352112,
        1.7089985311031342,
        1.6913739144802094,
        1.687081754207611,
        1.6791098713874817,
        1.6707745790481567,
        1.6676338911056519,
        1.665198653936386,
        1.6632780134677887,
        1.6534950733184814,
        1.6534403264522552,
        1.6410679817199707,
        1.6408215463161469,
        1.638297587633133,
        1.6341926753520966,
        1.632117122411728,
        1.62799733877182,
        1.6237321496009827,
        1.6212339103221893,
        1.622288167476654,
        1.6184948682785034,
        1.617698222398758,
        1.6132491827011108,
        1.613536536693573,
        1.6111640632152557
    ]
}