{
    "train_loss": [
        1.8264869885011152,
        1.7741835442456333,
        1.7536661408164285,
        1.7402274066751653,
        1.7288561300797896,
        1.7203518152236938,
        1.7143601937727495,
        1.709287773479115,
        1.7027910514311357,
        1.6975394053892656,
        1.6925638155503706,
        1.6897724108262495,
        1.6870022795417092,
        1.6833039847287266,
        1.6800220662897283,
        1.6776106465946545,
        1.675526651469144,
        1.673252441666343,
        1.6711706464940852,
        1.6700722846117886,
        1.6670109250328757,
        1.6659464727748523,
        1.6631059429862283,
        1.6610354835336858,
        1.6594530669125644,
        1.6569562825289639,
        1.6561428741975264,
        1.6539644761519,
        1.6517506837844849,
        1.6499765136025168
    ],
    "val_loss": [
        1.767329066991806,
        1.760723054409027,
        1.7458959519863129,
        1.725436270236969,
        1.7148030400276184,
        1.6997508108615875,
        1.6894247829914093,
        1.6812133491039276,
        1.6682672798633575,
        1.6599811017513275,
        1.6548561751842499,
        1.6513641774654388,
        1.6424814760684967,
        1.6405846774578094,
        1.6383208930492401,
        1.6330565810203552,
        1.6323201358318329,
        1.6265686452388763,
        1.6246974170207977,
        1.6196215152740479,
        1.6227783560752869,
        1.6178536415100098,
        1.615379422903061,
        1.6142431795597076,
        1.6133992075920105,
        1.6094398498535156,
        1.6108452081680298,
        1.607893168926239,
        1.6057257056236267,
        1.6025967597961426
    ]
}