{
    "train_loss": [
        1.7976844202388416,
        1.7464170455932617,
        1.7298383170908147,
        1.7182200821963223,
        1.7082654562863437,
        1.7012373750860041,
        1.69521934335882,
        1.6901942925019697,
        1.6862685572017322,
        1.6814431710676714,
        1.6780948855660178,
        1.6755973209034314,
        1.6717629541050305,
        1.6700028072703967,
        1.6678215698762373,
        1.6661846420981667,
        1.664233543656089,
        1.6622993729331277,
        1.661917339671742,
        1.659586711363359,
        1.6577552231875332,
        1.656406510959972,
        1.654601357199929,
        1.6534626375545154,
        1.651960481296886,
        1.6503312912854282,
        1.6496800834482366,
        1.648382219401273,
        1.6466589732603594,
        1.6454253088344226
    ],
    "val_loss": [
        1.76879221200943,
        1.7397042512893677,
        1.7206260859966278,
        1.701259285211563,
        1.685369461774826,
        1.674018383026123,
        1.6580830514431,
        1.653125911951065,
        1.641280174255371,
        1.6356807053089142,
        1.633321851491928,
        1.6235546171665192,
        1.620641678571701,
        1.6163011491298676,
        1.6135056912899017,
        1.6125531494617462,
        1.6096555888652802,
        1.6035523414611816,
        1.602739006280899,
        1.6029259860515594,
        1.5988097190856934,
        1.5965656638145447,
        1.5965970158576965,
        1.5957867205142975,
        1.593896061182022,
        1.5915734469890594,
        1.5923518538475037,
        1.5921655893325806,
        1.5901741683483124,
        1.587791919708252
    ]
}