{
    "train_loss": [
        1.7695211172103882,
        1.7228883071379228,
        1.7104462060061367,
        1.7003152803941206,
        1.6942396814172918,
        1.689769820733504,
        1.6843288053165784,
        1.6805826967412776,
        1.6779284368861804,
        1.6754849390550093,
        1.6734596599232068,
        1.6707362153313376,
        1.66817598993128,
        1.6659316257996992,
        1.6638764468106357,
        1.66298368844119,
        1.6620466709136963,
        1.6595022461631082,
        1.6573252894661643,
        1.6556681177832864,
        1.6547108021649448,
        1.6530552885749124,
        1.6518006324768066,
        1.6504671031778508,
        1.6493739865042947,
        1.647934534332969,
        1.6471443176269531,
        1.6449164260517468,
        1.6455429900776257,
        1.6423037160526623
    ],
    "val_loss": [
        1.7578045725822449,
        1.7235150635242462,
        1.6955967843532562,
        1.6739868223667145,
        1.667414903640747,
        1.6561146080493927,
        1.6459119319915771,
        1.6417402625083923,
        1.633046567440033,
        1.6289215981960297,
        1.622581034898758,
        1.6165295541286469,
        1.613245040178299,
        1.6066705584526062,
        1.602220892906189,
        1.5982951521873474,
        1.595270425081253,
        1.593816190958023,
        1.5911143720149994,
        1.5880300104618073,
        1.5851026475429535,
        1.5843513309955597,
        1.5813742280006409,
        1.5802636742591858,
        1.578106164932251,
        1.5762120187282562,
        1.5774933993816376,
        1.5718278288841248,
        1.5735859274864197,
        1.570512443780899
    ]
}