model,dataset,exp,avg loss,acc,f1,recall,precision
MLP_finetuning_and_one_domain,Fragment,0,0.6441717791411042,0.6560818682387943,0.579036184737939,0.6441717791411042,1.6511998176574707
MLP_finetuning_and_one_domain,Fragment,1,0.7055214723926381,0.7023115381458153,0.6370241872377836,0.7055214723926381,1.3836587468783061
MLP_finetuning_and_one_domain,Fragment,2,0.6809815950920245,0.6895376463499298,0.6273028286124115,0.6809815950920245,1.6249277591705322
MLP_finetuning_and_one_domain,Fragment,3,0.6748466257668712,0.6723194903256253,0.5991666666666666,0.6748466257668712,1.7013981342315674
MLP_finetuning_and_one_domain,Fragment,4,0.6625766871165644,0.6603506624987658,0.5756246525108296,0.6625766871165644,1.5943408409754436
