{"train_losses": [11.474369005723434, 4.001281348141757, 3.7934538667852227, 3.6648010340603916, 3.5378039966930044, 3.369198517365889, 3.0623548247597436, 2.6976470297033135, 2.5345902768048374, 2.15473764592951, 2.0914991985667837, 1.8765576752749356, 1.9742444970391013, 1.6841738982634111, 1.3715713945302097, 1.2723500728607178, 1.2586102106354453, 1.5723113200881265, 1.9013291651552373, 1.5928969870914111, 1.1451794830235569, 1.5190215164964849, 1.5966138948093762, 1.6642363667488098, 1.404767014763572, 1.108520659533414, 1.5213522802699695, 1.0586225986480713, 1.0940639918500727, 1.273058539087122, 1.008384883403778, 1.2692355567758733, 0.8088050538843329, 0.8580267320979725, 0.6849769949913025, 0.8670228665525263, 0.701629408381202, 0.9704565460031683, 1.1434804146940059, 1.0643777088685469, 1.068920298056169, 0.7509521056305278, 0.6848156181248751, 0.904316170649095, 0.9448839426040649, 0.929235274141485, 0.6403456926345825, 0.5519163337620822, 0.8748034265908328, 1.4249614097855308, 0.6940645331686194, 0.6479792486537587, 0.5633869685909965, 0.7010482549667358, 0.7726459096778523, 0.5821700339967554, 0.6079268726435575, 0.6828126636418429, 1.066026817668568, 0.7099126333540137], "val_losses": [0.32647087176640827, 0.2678375542163849, 0.2535223513841629, 0.45724042256673175, 0.2852559983730316, 0.2749544034401576, 0.23282989859580994, 0.2952618698279063, 0.247260053952535, 0.3608842194080353, 0.3002513647079468, 0.23744616409142813, 0.6175838708877563, 0.2588874598344167, 0.28773410618305206, 0.3066464215517044, 0.3193424840768178, 0.8598994513352712, 0.2784295976161957, 0.3034948507944743, 0.28952600061893463, 0.2670172353585561, 0.28141621748606366, 0.31546125809351605, 0.3089138865470886, 0.24764964481194815, 0.2924512227376302, 0.23854811986287436, 0.2699023683865865, 0.2184742291768392, 0.29875961939493817, 0.22562202314535776, 0.28071334461371106, 0.2642428328593572, 0.2781327615181605, 0.2650990088780721, 0.2976546535889308, 0.23346169292926788, 0.3138417402903239, 0.2988074819246928, 0.27872444192568463, 0.2990576724211375, 0.31597529848416644, 0.26088068385918933, 0.314191202322642, 0.30235569675763446, 0.2540860374768575, 0.25159857670466107, 0.24326500793298086, 0.28977103531360626, 0.25113823513189953, 0.2260289341211319, 0.26891358693440753, 0.3449786851803462, 0.2500515232483546, 0.239847203095754, 0.25969667732715607, 0.42973756790161133, 0.24684851864973703, 0.3452576796213786]}