model,dataset,exp,avg loss,acc,f1,recall,precision
MLP_finetuning_and_one_domain,Fragment,0,0.1656441717791411,0.08369571178964029,0.12473392933163048,0.1656441717791411,10.016993204752604
MLP_finetuning_and_one_domain,Fragment,1,0.17791411042944785,0.09815950920245398,0.14814814814814814,0.17791411042944785,9.11443599065145
MLP_finetuning_and_one_domain,Fragment,2,0.18404907975460122,0.10281370414779804,0.15553447185325744,0.18404907975460122,10.5409787495931
MLP_finetuning_and_one_domain,Fragment,3,0.3374233128834356,0.28512031963156464,0.230359550350672,0.3374233128834356,3.8107351462046304
MLP_finetuning_and_one_domain,Fragment,4,0.22085889570552147,0.11352845607313465,0.1580463015245624,0.22085889570552147,8.30995225906372
