model,dataset,exp,avg loss,acc,f1,recall,precision
MLP_linearprobing_and_one_domain,Fragment,0,0.4601226993865031,0.43567299621581507,0.3259176386430826,0.4601226993865031,1.769225001335144
MLP_linearprobing_and_one_domain,Fragment,1,0.4723926380368098,0.4509235731666204,0.34305270712607844,0.4723926380368098,1.7275325457255046
MLP_linearprobing_and_one_domain,Fragment,2,0.4723926380368098,0.44841169567427297,0.3360780754325783,0.4723926380368098,1.7471698721249898
MLP_linearprobing_and_one_domain,Fragment,3,0.4723926380368098,0.4460546809595546,0.3389969403108735,0.4723926380368098,1.7543700138727825
MLP_linearprobing_and_one_domain,Fragment,4,0.4662576687116564,0.4424886417755963,0.3329089030975823,0.4662576687116564,1.7530157566070557
