{
    "train_loss": [
        1.8242183490232988,
        1.7574021491137417,
        1.7300459688360041,
        1.710245425050909,
        1.6883990656245838,
        1.6706245379014448,
        1.6541594917123967,
        1.6353453181006692,
        1.6160506118427624,
        1.5723249966448003,
        1.5221559838815168,
        1.4552737528627568,
        1.3878723545507952,
        1.3205900192260742,
        1.2558341920375824,
        1.2063070914962075,
        1.2116971855813807,
        1.1693955172191968,
        1.149981059811332,
        1.110492771322077,
        1.1261777606877414,
        1.0889423137361354,
        1.0960418338125402,
        1.079204261302948,
        1.0929361879825592,
        1.0560147030787035,
        1.0933188118717887,
        1.0631040199236437,
        1.0502372492443433,
        1.0371852002360604
    ],
    "val_loss": [
        1.7688974440097809,
        1.7371013760566711,
        1.7014520764350891,
        1.6658778488636017,
        1.6347821354866028,
        1.609060138463974,
        1.5833236873149872,
        1.552532583475113,
        1.5092666745185852,
        1.44972625374794,
        1.3699403405189514,
        1.2786182761192322,
        1.190003752708435,
        1.1240617781877518,
        1.0849961042404175,
        1.0594834387302399,
        1.0450503677129745,
        1.0320569798350334,
        1.0208384841680527,
        1.0110074132680893,
        1.0034823641180992,
        0.9964659810066223,
        0.9941938072443008,
        0.9880806282162666,
        0.9895580932497978,
        0.9812943041324615,
        0.9775993227958679,
        0.9729292914271355,
        0.9708321243524551,
        0.9695789590477943
    ]
}