{
    "train_loss": [
        1.8343674919822,
        1.7626191160895608,
        1.736972451210022,
        1.7151418382471257,
        1.6949802095239812,
        1.676780809055675,
        1.6595511761578647,
        1.642687732523138,
        1.625328616662459,
        1.604681676084345,
        1.5642019727013328,
        1.5019872730428523,
        1.4216799194162542,
        1.3610245206139304,
        1.2934861725026912,
        1.2535064166242427,
        1.1919516785578295,
        1.177176757292314,
        1.1352996717799793,
        1.1145738092335788,
        1.1034600734710693,
        1.1022256964986974,
        1.097355235706676,
        1.0864942561496387,
        1.0886934426697819,
        1.0702250491489063,
        1.0850896022536538,
        1.0559941150925376,
        1.0734290047125383,
        1.0333745289932599
    ],
    "val_loss": [
        1.7795918583869934,
        1.7496041059494019,
        1.7156546413898468,
        1.6801705360412598,
        1.647299736738205,
        1.6201082468032837,
        1.5951902270317078,
        1.5670263171195984,
        1.5307587087154388,
        1.4825996309518814,
        1.417339265346527,
        1.3297666013240814,
        1.2348156571388245,
        1.1544162333011627,
        1.0989138036966324,
        1.0660169124603271,
        1.0432356223464012,
        1.0295837000012398,
        1.0183478966355324,
        1.0078225955367088,
        1.001083843410015,
        0.9998721182346344,
        0.9947384148836136,
        0.9922537505626678,
        0.9889897778630257,
        0.9869958832859993,
        0.9878569543361664,
        0.9799959436058998,
        0.9798894822597504,
        0.9732917100191116
    ]
}