{
    "train_loss": [
        1.8158880038694902,
        1.7552457397634333,
        1.732915379784324,
        1.70934749733318,
        1.6876673806797375,
        1.6705714789303867,
        1.652521100911227,
        1.6331962455402722,
        1.6152704087170688,
        1.5809237631884487,
        1.5308847535740246,
        1.4718796394088052,
        1.3959822492165999,
        1.330485219305212,
        1.2684058980508284,
        1.2365450669418683,
        1.1751151789318433,
        1.1610634597865017,
        1.1263932937925512,
        1.1381046257235787,
        1.1026205149563877,
        1.1166661408814518,
        1.0732976279475472,
        1.1020776466889814,
        1.060260989449241,
        1.0804265900091692,
        1.067180414091457,
        1.065450367602435,
        1.0644912096587094,
        1.0332317569039084
    ],
    "val_loss": [
        1.7655916213989258,
        1.7360864579677582,
        1.701856553554535,
        1.665068358182907,
        1.633481353521347,
        1.6084468066692352,
        1.5852466523647308,
        1.5587058067321777,
        1.523300588130951,
        1.4703436493873596,
        1.4003645330667496,
        1.316279649734497,
        1.2254249155521393,
        1.1480195075273514,
        1.0987275391817093,
        1.070423498749733,
        1.0501179695129395,
        1.0360670164227486,
        1.025171935558319,
        1.0188140720129013,
        1.0065391063690186,
        1.0041647031903267,
        1.0000707805156708,
        1.0017601400613785,
        0.9914755597710609,
        0.9899259731173515,
        0.9885735735297203,
        0.983780637383461,
        0.9824810028076172,
        0.9778057709336281
    ]
}