{
    "train_loss": [
        1.831376693465493,
        1.7655838077718562,
        1.7400250759991733,
        1.7166945392435247,
        1.690847472711043,
        1.6682427579706365,
        1.650904113596136,
        1.6344717849384656,
        1.6047128222205422,
        1.5698952024633235,
        1.5086263364011592,
        1.4461488181894475,
        1.3778691671111367,
        1.3059775016524575,
        1.2390182289210232,
        1.2059370929544622,
        1.1731176593086936,
        1.162144121798602,
        1.1118194542147897,
        1.1134337999603965,
        1.1014621718363329,
        1.0798473331061276,
        1.1017191139134495,
        1.0798666748133572,
        1.076371734792536,
        1.07893613522703,
        1.0643344873731786,
        1.0688378621231427,
        1.0450336039066315,
        1.0591388724066995
    ],
    "val_loss": [
        1.7766914367675781,
        1.7458699345588684,
        1.7111584842205048,
        1.6747852563858032,
        1.6411180794239044,
        1.6096741259098053,
        1.5779002010822296,
        1.5426178276538849,
        1.4967061281204224,
        1.4334374517202377,
        1.3536742180585861,
        1.258913829922676,
        1.1712207347154617,
        1.1093120127916336,
        1.0677027702331543,
        1.043804682791233,
        1.0298244580626488,
        1.0179667919874191,
        1.0090810507535934,
        1.0048852935433388,
        0.9973301813006401,
        0.9967945367097855,
        0.9894649609923363,
        0.9826712012290955,
        0.9774089604616165,
        0.9730224609375,
        0.9701828956604004,
        0.9695088267326355,
        0.9687967821955681,
        0.9660474807024002
    ]
}