{
    "train_loss": [
        1.8314697308973833,
        1.7661630457097834,
        1.7392227107828313,
        1.7153202945535833,
        1.6879607113924893,
        1.6667584397576072,
        1.6413931088014082,
        1.62263624234633,
        1.603101600300182,
        1.5639956864443691,
        1.5124102451584556,
        1.4429205926981838,
        1.37948246977546,
        1.3122302131219343,
        1.2625046318227595,
        1.2158631465651772,
        1.1934981779618696,
        1.1515441862019626,
        1.1346424140713431,
        1.1038701046596875,
        1.1250342970544642,
        1.1063173657113856,
        1.1014113642952659,
        1.0681956979361447,
        1.0662187933921814,
        1.059199796481566,
        1.0589979914101688,
        1.0454054203900425,
        1.0518739142201163,
        1.0428656556389548
    ],
    "val_loss": [
        1.7815741002559662,
        1.7491255402565002,
        1.7117457389831543,
        1.6715146005153656,
        1.633740484714508,
        1.602131187915802,
        1.572190672159195,
        1.5387252271175385,
        1.4965490400791168,
        1.4409763664007187,
        1.36549973487854,
        1.2721918821334839,
        1.1860523968935013,
        1.1194322854280472,
        1.0775642842054367,
        1.0498482957482338,
        1.03247981518507,
        1.0185643807053566,
        1.0116836056113243,
        1.0023175925016403,
        0.9928982630372047,
        0.9848937317728996,
        0.98097924888134,
        0.9765623137354851,
        0.973223090171814,
        0.9719072133302689,
        0.9704389050602913,
        0.9638500660657883,
        0.9629614129662514,
        0.9592085853219032
    ]
}