model,dataset,exp,avg loss,acc,f1,recall,precision
MLP_finetuning_and_one_domain,Fragment,0,0.1656441717791411,0.05388424865104589,0.05421686746987952,0.1656441717791411,3.5722196102142334
MLP_finetuning_and_one_domain,Fragment,1,0.1656441717791411,0.053561588479482745,0.05389221556886228,0.1656441717791411,5.649442593256633
MLP_finetuning_and_one_domain,Fragment,2,0.1656441717791411,0.04757864508549798,0.04787234042553192,0.1656441717791411,6.910484631856282
MLP_finetuning_and_one_domain,Fragment,3,0.1656441717791411,0.05170396113337352,0.05202312138728324,0.1656441717791411,3.4592196146647134
MLP_finetuning_and_one_domain,Fragment,4,0.1901840490797546,0.09197663921590302,0.08568568568568569,0.1901840490797546,3.6634599367777505
