model,dataset,exp,avg loss,acc,f1,recall,precision
MLP_finetuning_and_one_domain,Fragment,0,0.6748466257668712,0.6844972214108869,0.624773549313812,0.6748466257668712,1.420304775238037
MLP_finetuning_and_one_domain,Fragment,1,0.6871165644171779,0.6881759869916767,0.6180534940539074,0.6871165644171779,1.2540651559829712
MLP_finetuning_and_one_domain,Fragment,2,0.6809815950920245,0.6809080221893034,0.613823281838159,0.6809815950920245,1.280702292919159
MLP_finetuning_and_one_domain,Fragment,3,0.6625766871165644,0.6577114097824254,0.5946048967788738,0.6625766871165644,1.551851511001587
MLP_finetuning_and_one_domain,Fragment,4,0.7239263803680982,0.7251906508466825,0.6661755143588236,0.7239263803680982,1.2310209274291992
