model,dataset,exp,avg loss,acc,f1,recall,precision
MLP_linearprobing_and_one_domain,Fragment,0,0.6134969325153374,0.6161416442901706,0.5326808574164607,0.6134969325153374,1.0956111749013264
MLP_linearprobing_and_one_domain,Fragment,1,0.6319018404907976,0.637600212286786,0.5561446985356239,0.6319018404907976,1.0761216382185619
MLP_linearprobing_and_one_domain,Fragment,2,0.6012269938650306,0.6001106999777933,0.5124971590549726,0.6012269938650306,1.0784839292367299
MLP_linearprobing_and_one_domain,Fragment,3,0.6196319018404908,0.6247689300527142,0.5387134513185973,0.6196319018404908,1.0348006288210552
MLP_linearprobing_and_one_domain,Fragment,4,0.6134969325153374,0.6222040924437754,0.5267560596753144,0.6134969325153374,1.0775296489397685
