{"train_losses": [10.754919815063477, 9.959828948974609, 9.524954986572265, 9.730716991424561, 9.565649223327636, 8.92543077468872, 8.984613037109375, 8.838152647018433, 8.420402812957764, 8.76224718093872, 8.820620107650758, 8.966859340667725, 8.370727443695069, 8.9735746383667, 8.78280849456787, 8.494391489028931, 8.487776517868042, 8.606803703308106, 8.666832876205444, 8.418326473236084, 9.171814203262329, 8.290432834625244, 8.823606538772584, 8.655804967880249, 8.243439865112304, 8.185181188583375, 8.390131187438964, 8.246199035644532, 8.678175735473634, 8.674561834335327, 8.730475425720215, 8.584463119506836, 8.021351528167724, 7.715682125091552, 8.055526542663575, 8.002761697769165, 8.078303670883178, 7.929098129272461, 8.038170766830444, 8.116367292404174, 8.545694494247437, 8.213010311126709, 7.745426511764526, 8.407248401641846, 8.746772289276123, 7.922339296340942, 8.479366111755372, 7.966313123703003, 7.783777236938477, 7.940150308609009, 8.08422818183899, 7.685172080993652, 7.5148481845855715, 7.679284572601318, 7.80401725769043, 7.7424074649810795, 7.536770296096802, 7.577867555618286, 7.817996454238892, 7.807397174835205], "val_losses": [12.423048973083496, 11.896778106689453, 12.003777503967285, 12.378344535827637, 11.775610446929932, 11.572505474090576, 11.782979965209961, 11.911672115325928, 11.903970718383789, 11.740808010101318, 11.8076810836792, 11.716046333312988, 11.715376377105713, 11.434743881225586, 11.845767974853516, 11.350543022155762, 12.041778564453125, 11.258400917053223, 11.495918273925781, 11.593677520751953, 12.090728282928467, 12.315459251403809, 12.115766048431396, 11.453021049499512, 11.397723197937012, 11.636710166931152, 12.387804985046387, 11.707186222076416, 11.346378803253174, 11.714325904846191, 11.58448314666748, 11.458110809326172, 11.592923164367676, 11.879088401794434, 11.736409664154053, 11.79126262664795, 11.846850395202637, 11.71572494506836, 11.742071628570557, 11.649791717529297, 11.448098182678223, 11.918417930603027, 11.55729341506958, 11.265880584716797, 11.79502820968628, 11.994125843048096, 11.393976211547852, 11.897361755371094, 12.421977996826172, 12.084208488464355, 11.905948162078857, 12.024190902709961, 11.27501630783081, 11.712119102478027, 11.720727443695068, 11.939228057861328, 11.608994960784912, 11.780943870544434, 11.964783668518066, 11.951934337615967]}