model,dataset,exp,avg loss,acc,f1,recall,precision
MLP_finetuning_and_one_domain,Fragment,0,0.1656441717791411,0.047077817242492735,0.04736842105263158,0.1656441717791411,5.36316180229187
MLP_finetuning_and_one_domain,Fragment,1,0.1656441717791411,0.04887860806597606,0.04918032786885246,0.1656441717791411,8.174906094868978
MLP_finetuning_and_one_domain,Fragment,2,0.1656441717791411,0.047077817242492735,0.04736842105263158,0.1656441717791411,12.350072383880615
MLP_finetuning_and_one_domain,Fragment,3,0.1656441717791411,0.047077817242492735,0.04736842105263158,0.1656441717791411,10.924640019734701
MLP_finetuning_and_one_domain,Fragment,4,0.1656441717791411,0.047077817242492735,0.04736842105263158,0.1656441717791411,9.648795286814371
