{"train_losses": [10.89937620162964, 10.039907073974609, 9.539471626281738, 9.752816486358643, 9.563021564483643, 9.000948047637939, 9.032493019104004, 8.855344486236572, 8.42771511077881, 8.839546585083008, 8.9125262260437, 9.03368091583252, 8.413972616195679, 9.004545974731446, 8.84420952796936, 8.551379871368407, 8.572484874725342, 8.674809694290161, 8.723520469665527, 8.531972646713257, 9.252097702026367, 8.3292076587677, 8.836331510543824, 8.714550971984863, 8.267331838607788, 8.242714595794677, 8.459624671936036, 8.338362646102905, 8.736192989349366, 8.79293909072876, 8.766816997528077, 8.665998935699463, 8.07107515335083, 7.767432308197021, 8.157889556884765, 8.060312128067016, 8.150959348678589, 8.012986421585083, 8.137741708755494, 8.22228126525879, 8.695159816741944, 8.284959936141968, 7.850875997543335, 8.53319067955017, 8.87893385887146, 8.00293493270874, 8.620058059692383, 8.05679144859314, 7.9142913818359375, 8.048494577407837, 8.232068300247192, 7.78408522605896, 7.588579320907593, 7.813461065292358, 7.994129228591919, 7.845651721954345, 7.6477374076843265, 7.620896053314209, 7.951913070678711, 7.904014444351196], "val_losses": [13.674538135528564, 12.472774982452393, 12.479986190795898, 12.71411657333374, 12.183387756347656, 12.099007606506348, 12.048659801483154, 12.281535148620605, 12.233832359313965, 12.032816886901855, 12.10560131072998, 12.216303825378418, 12.157336235046387, 11.97340202331543, 12.13572359085083, 11.511704444885254, 12.166507720947266, 11.445994853973389, 11.759136199951172, 11.954300880432129, 12.19000244140625, 12.449218273162842, 12.437297821044922, 11.761334419250488, 11.861571311950684, 12.043426036834717, 12.547646522521973, 11.844945907592773, 11.546929359436035, 11.96425199508667, 11.711929321289062, 11.637275695800781, 12.006443977355957, 12.225427150726318, 12.18930196762085, 12.196422100067139, 12.206870555877686, 12.063505172729492, 11.870114803314209, 12.08982229232788, 11.773653507232666, 12.291167736053467, 11.897036075592041, 11.712861061096191, 12.24742078781128, 12.189228534698486, 11.698787689208984, 12.081943035125732, 12.707181930541992, 12.5346999168396, 12.439616203308105, 12.244222640991211, 11.634870529174805, 12.289708614349365, 12.191813945770264, 12.507887363433838, 12.15362548828125, 12.270702362060547, 12.130376815795898, 12.526421546936035]}