model,dataset,exp,avg loss,acc,f1,recall,precision
MLP_finetuning_and_one_domain,Fragment,0,0.17791411042944785,0.11613417257589036,0.1520711314828962,0.17791411042944785,8.955856959025065
MLP_finetuning_and_one_domain,Fragment,1,0.1656441717791411,0.08560641812175554,0.12783882783882783,0.1656441717791411,10.950232982635498
MLP_finetuning_and_one_domain,Fragment,2,0.1656441717791411,0.08789572071957971,0.1318469584365538,0.1656441717791411,9.437761942545572
MLP_finetuning_and_one_domain,Fragment,3,0.147239263803681,0.07300848553228498,0.10855683269476372,0.147239263803681,8.814260005950928
MLP_finetuning_and_one_domain,Fragment,4,0.147239263803681,0.06953430005577246,0.10265151515151516,0.147239263803681,11.116427739461264

