model,dataset,exp,avg loss,acc,f1,recall,precision
MLP_finetuning_and_one_domain,Fragment,0,0.09202453987730061,0.05702390811147085,0.07693274738729285,0.09202453987730061,2.262859026590983
MLP_finetuning_and_one_domain,Fragment,1,0.1165644171779141,0.03452571967909391,0.047106227106227104,0.1165644171779141,12.31947104136149
MLP_finetuning_and_one_domain,Fragment,2,0.13496932515337423,0.04933057655153713,0.07016574585635359,0.13496932515337423,10.48902956644694
MLP_finetuning_and_one_domain,Fragment,3,0.12883435582822086,0.039293609199970186,0.05417389627915944,0.12883435582822086,12.940419514973959
MLP_finetuning_and_one_domain,Fragment,4,0.13496932515337423,0.04596765197992191,0.06454545454545454,0.13496932515337423,11.846485137939453
