{"UMAP SSL BEFORE FCN_linearprobing_and_four_domains":{"_type":"plotly-file","sha256":"c522980666549f1847ae08886a6d9eda7f2c63c7e659afa25455b7cce3a5bfd6","size":48928,"path":"media/plotly/UMAP SSL BEFORE FCN_linearprobing_and_four_domains_0_c522980666549f1847ae.plotly.json"},"_timestamp":1.7441494888991635e+09,"_runtime":64.750685602,"_step":207,"train_loss/run_0":0.8440367742018267,"val_loss/run_0":1.221146543820699,"step/run_0":206,"_wandb":{"runtime":64}}