model,dataset,exp,avg loss,acc,f1,recall,precision
MLP_linearprobing_and_one_domain,Fragment,0,0.3619631901840491,0.34396754276186925,0.2565776440485453,0.3619631901840491,1.50674041112264
MLP_linearprobing_and_one_domain,Fragment,1,0.3558282208588957,0.33641000920348235,0.25015706733143706,0.3558282208588957,1.4535894791285198
MLP_linearprobing_and_one_domain,Fragment,2,0.3558282208588957,0.344854307168067,0.25441460367930957,0.3558282208588957,1.4781542619069417
MLP_linearprobing_and_one_domain,Fragment,3,0.3558282208588957,0.3393278441502529,0.25503654970760237,0.3558282208588957,1.4739315509796143
MLP_linearprobing_and_one_domain,Fragment,4,0.3496932515337423,0.33169778415177187,0.2421236171236171,0.3496932515337423,1.4784353574117024
